CSG518-1,CSG518-2,CSG518-3,CSG518-4,CSG518-5,CSG518-6,CSG518-7,CSG518-8,grid
-81,-92,-77,-89,-77,-85,-74,-95,A00
-80,-87,-79,-93,-88,-83,-76,-92,A00
-81,-92,-77,-93,-78,-84,-76,-94,A00
-79,-92,-80,-91,-77,-83,-74,-93,A00
-80,-91,-79,-93,-79,-83,-76,-96,A00
-80,-94,-77,-95,-79,-85,-77,-93,A00
-78,-91,-80,-94,-79,-84,-79,-93,A00
-79,-93,-74,-93,-81,-82,-73,-92,A00
-77,-90,-74,-94,-74,-85,-76,-95,A00
-79,-93,-72,-93,-77,-83,-79,-94,A00
-78,-91,-72,-95,-75,-84,-80,-93,A00
-79,-92,-74,-94,-75,-85,-77,-94,A00
-77,-92,-74,-91,-75,-84,-79,-92,A00
-78,-91,-78,-93,-77,-85,-77,-92,A00
-80,-90,-76,-96,-78,-82,-77,-96,A00
-81,-96,-86,-95,-82,-83,-78,0,A00
-81,-86,-81,-95,-73,-84,-74,0,A00
-81,-89,-90,-94,-71,-88,-71,0,A00
-82,-88,-78,-94,-76,-88,-72,0,A00
-83,-90,-74,-92,-75,-82,-72,0,A00
-83,-90,-76,-91,-77,-86,-70,0,A00
-81,-96,-76,-90,-76,-80,-71,0,A00
-82,-92,-74,-94,-79,-86,-75,0,A00
-80,-91,-70,-95,-75,-81,-75,0,A00
-81,-91,-72,-94,-76,-85,-76,0,A00
-76,-94,-73,-94,-77,-89,-78,0,A00
-72,-94,-70,-93,-84,-83,-85,0,A00
-77,-92,-75,0,-79,-84,-82,0,A00
-82,-91,-76,0,-77,-79,-86,0,A00
-81,-95,-78,0,-74,-85,-82,0,A00
-81,-92,-72,0,-74,-83,-75,0,A00
-81,0,-74,0,-75,-81,-76,0,A00
-80,0,-74,0,-73,-81,-76,0,A00
-87,0,-76,0,-77,-83,-81,0,A00
-80,0,-76,0,-76,-85,-81,0,A00
-79,-86,-70,-89,-77,-78,-69,-88,A01
-79,-83,-72,-91,-77,-78,-70,-87,A01
-79,-91,-71,-88,-78,-79,-69,-88,A01
-79,-87,-72,-90,-77,-79,-70,-89,A01
-80,-87,-71,-91,-84,-79,-71,-89,A01
-79,-83,-70,-92,-79,-79,-68,-87,A01
-76,-87,-76,-91,-78,-79,-71,-88,A01
-81,-86,-74,-95,-77,-76,-69,-87,A01
-82,-85,-74,-93,-77,-79,-70,-89,A01
-79,-89,-72,-90,-81,-79,-68,-89,A01
-78,-87,-69,-90,-83,-78,-68,-88,A01
-77,-88,-72,-91,-81,-82,-69,-88,A01
-78,-86,-73,-88,-82,-77,-69,-88,A01
-78,-86,-72,-91,-81,-78,-71,-87,A01
-80,-88,-71,-91,-81,-78,-68,-88,A01
-80,-90,-74,-90,-82,-76,-71,-87,A01
-81,-87,-74,-91,-83,-76,-72,-89,A01
-80,-88,-74,-91,-84,-79,-71,-89,A01
-78,-93,-72,-89,-77,-79,-69,-86,A01
-77,-87,-70,-92,-75,-80,-68,-87,A01
-80,-88,-70,-91,-78,-83,-68,-88,A01
-79,-91,-71,-92,-76,-81,-69,-86,A01
-79,-86,-70,-93,-73,-78,-70,-88,A01
-77,-90,-72,-90,-78,-81,-70,-90,A01
-80,-89,-70,-90,-76,-81,-67,-87,A01
-77,-88,-68,-90,-76,-81,-68,-89,A01
-78,-89,-72,-91,-79,-81,-69,-89,A01
-79,-90,-71,-91,-78,-81,-68,-88,A01
-80,-88,-74,-91,-85,-87,-67,-90,A01
-80,-89,-72,-90,-79,-77,-69,-90,A01
-75,-86,-65,-90,-74,-87,-72,-92,A02
-76,-83,-65,-89,-71,-87,-71,-94,A02
-74,-83,-66,-87,-73,-91,-72,-93,A02
-77,-86,-65,-89,-72,-91,-71,-94,A02
-76,-88,-67,-88,-73,-91,-73,-93,A02
-77,-94,-65,-90,-72,-90,-73,-95,A02
-76,-86,-65,-88,-70,-91,-73,-94,A02
-76,-86,-65,-87,-69,-88,-73,-95,A02
-75,-85,-64,-88,-72,-91,-74,-95,A02
-74,-86,-64,-88,-72,-89,-72,-99,A02
-83,-82,-69,-86,-72,-90,-72,0,A02
-73,-83,-66,-88,-70,-88,-72,0,A02
-75,-86,-65,-84,-72,-92,-72,0,A02
-76,-85,-65,-87,-72,-91,-74,0,A02
-74,-84,-65,-88,-72,-90,-72,0,A02
-77,-86,-65,-87,-72,-92,-72,0,A02
-76,-86,-65,-87,-73,-90,-73,0,A02
-76,-84,-64,-90,-72,-91,-72,0,A02
-75,-86,-65,-88,-71,-91,-73,0,A02
-76,-84,-65,-88,-71,-88,-73,0,A02
-75,-88,-65,-90,-69,-89,-72,0,A02
-76,-83,-65,-87,-70,-88,-72,0,A02
-76,-83,-66,-86,-73,-89,-73,0,A02
-77,-84,-64,-88,-71,-91,-72,0,A02
-76,-83,-65,-87,-73,-91,-71,0,A02
-70,-84,-67,-87,-75,-95,-75,0,A02
-77,-83,-65,-87,-72,-83,-75,0,A02
-78,-81,-65,-91,-74,-89,-75,0,A02
-81,-81,-64,-88,-76,-87,-69,0,A02
-77,-90,-68,-93,-86,-89,-72,0,A02
-74,-87,-70,-91,-76,-86,-70,0,A02
-74,-86,-72,-90,-73,-90,-74,0,A02
-75,-86,-61,-95,-66,-69,-65,-95,A03
-72,-82,-62,-89,-64,-70,-69,-90,A03
-72,-84,-60,-90,-65,-74,-69,-92,A03
-70,-86,-69,-86,-70,-79,-67,-91,A03
-69,-78,-66,-85,-66,-77,-75,-90,A03
-71,-81,-67,-85,-68,-75,-74,-91,A03
-73,-89,-69,-85,-66,-74,-72,-89,A03
-71,-81,-61,-95,-67,-76,-64,-87,A03
-69,-90,-63,-91,-63,-80,-66,-91,A03
-79,-86,-60,-82,-70,-84,-68,-86,A03
-81,-81,-71,-87,-76,-72,-75,-90,A03
-72,-84,-73,-83,-70,-88,-76,-93,A03
-72,-86,-73,-88,-69,-81,-74,-91,A03
-71,-86,-73,-87,-69,-81,-70,-92,A03
-71,-84,-73,-85,-70,-82,-73,-93,A03
-69,-82,-71,-86,-66,-83,-70,-92,A03
-70,-82,-75,-87,-70,-78,-72,-90,A03
-74,-86,-72,-86,-65,-81,-72,-97,A03
-71,-84,-72,-86,-66,-81,-71,-92,A03
-74,-87,-72,-85,-75,-84,-71,-93,A03
-73,-86,-73,-86,-80,-83,-68,-93,A03
-73,-80,-72,-86,-78,-81,-68,-95,A03
-73,-83,-76,-86,-78,-81,-69,-95,A03
-75,-88,-74,-85,-79,-82,-68,-95,A03
-71,-88,-72,-84,-73,-83,-69,-92,A03
-73,-83,-77,-85,-82,-82,-72,-91,A03
-75,-87,-76,-84,-84,-80,-70,-94,A03
-77,-88,-73,-82,-80,-79,-73,-93,A03
-76,-85,-77,-84,-74,-80,-73,-90,A03
-74,-84,-72,-85,-74,-78,-77,-95,A03
-73,-85,-69,-85,-76,-82,-80,-94,A03
-75,-84,-69,-84,-74,-83,-72,0,A03
-74,-86,-75,-87,-68,-77,-80,-85,A04
-77,-83,-77,-95,-66,-80,-72,-83,A04
-76,-82,-74,-93,-65,-78,-71,-84,A04
-76,-81,-67,-95,-63,-84,-71,-84,A04
-73,-82,-69,-95,-66,-79,-69,-84,A04
-74,-87,-73,-92,-63,-78,-71,-84,A04
-75,-85,-71,-91,-63,-77,-71,-84,A04
-74,-85,-70,-92,-64,-79,-73,-87,A04
-76,-83,-72,-92,-65,-78,-75,-84,A04
-76,-81,-71,-91,-63,-80,-81,-86,A04
-75,-82,-70,-91,-64,-80,-77,-83,A04
-74,-84,-72,-93,-65,-82,-65,-85,A04
-72,-88,-68,-91,-64,-81,-71,-84,A04
-78,-81,-75,-90,-66,-81,-70,-83,A04
-86,-82,-81,-93,-69,-80,-70,-91,A04
-79,-79,-79,-92,-70,-82,-70,-90,A04
-79,-81,-77,-91,-70,-82,-70,-95,A04
-70,-82,-74,-93,-73,-76,-77,-88,A04
-77,-92,-73,-91,-68,-77,-71,-91,A04
-77,-88,-71,-93,-68,-80,-72,-86,A04
-75,-93,-75,-94,-65,-76,-73,-85,A04
-77,-88,-79,-92,-63,-77,-69,-89,A04
-83,-88,-78,-95,-63,-76,-86,-88,A04
-76,-85,-78,-93,-63,-78,-80,-86,A04
-76,-84,-73,-94,-63,-78,-81,-86,A04
-77,-89,-73,-91,-63,-78,-81,-86,A04
-74,-82,-75,0,-65,-77,-73,-87,A04
-81,-81,-70,0,-67,-77,-68,-86,A04
-77,-83,-72,0,-67,-78,-69,-84,A04
-77,-81,-74,0,-68,-78,-70,-85,A04
-76,-85,-71,0,-68,-79,-70,-85,A04
-76,-80,-75,0,-69,-80,-71,-86,A04
-65,-72,-61,-83,-71,-79,-71,-84,A05
-68,-74,-63,-86,-78,-80,-77,-83,A05
-65,-72,-62,-83,-72,-83,-78,-81,A05
-66,-74,-62,-82,-79,-78,-74,-78,A05
-69,-75,-63,-83,-77,-77,-74,-82,A05
-68,-74,-62,-83,-79,-78,-75,-83,A05
-69,-71,-63,-83,-71,-83,-79,-84,A05
-70,-77,-71,-85,-72,-81,-75,-84,A05
-69,-76,-65,-85,-71,-83,-77,-84,A05
-70,-72,-60,-89,-73,-81,-75,-84,A05
-66,-73,-65,-89,-76,-82,-78,-81,A05
-74,-74,-67,-86,-66,-81,-81,-86,A05
-69,-73,-64,-83,-70,-82,-75,-85,A05
-67,-72,-62,-85,-79,-80,-73,-82,A05
-64,-72,-63,-85,-70,-82,-71,-83,A05
-68,-72,-62,-85,-75,-79,-74,-83,A05
-67,-70,-62,-84,-74,-78,-77,-83,A05
-68,-71,-62,-83,-77,-80,-75,-84,A05
-68,-73,-63,-82,-75,-80,-74,-79,A05
-70,-73,-62,-84,-73,-82,-75,-85,A05
-67,-72,-63,-85,-75,-82,-75,-83,A05
-67,-71,-61,-83,-76,-80,-82,-82,A05
-69,-74,-68,-83,-71,-82,-76,-84,A05
-75,-73,-63,-86,-74,-80,-72,-82,A05
-70,-79,-62,-86,-76,-82,-73,-81,A05
-70,-76,-60,-85,-72,-82,-76,-83,A05
-69,-73,-65,-87,-75,-87,-77,-82,A05
-66,-71,-63,-88,-76,-81,-72,-81,A05
-66,-73,-62,-84,-75,-80,-74,-80,A05
-67,-75,-60,-85,-77,-76,-72,-81,A05
-67,-71,-63,-83,-73,-83,-81,-86,A05
-69,-73,-61,-82,-75,0,-72,-87,A05
-75,-67,-67,-85,-72,-81,-72,-79,A06
-75,-71,-65,-86,-73,-81,-76,-80,A06
-76,-70,-68,-85,-75,-80,-78,-78,A06
-73,-68,-66,-88,-73,-82,-77,-79,A06
-75,-67,-64,-86,-75,-80,-69,-81,A06
-70,-70,-57,-90,-87,-81,-63,-86,A06
-74,-71,-57,-88,-79,-82,-66,-87,A06
-74,-74,-58,-89,-78,-81,-65,-87,A06
-75,-73,-60,-88,-78,-83,-66,-87,A06
-71,-76,-63,-90,-75,-79,-66,-86,A06
-72,-69,-62,-97,-76,-81,-65,-86,A06
-75,-70,-61,-89,-83,-77,-66,-85,A06
-73,-71,-64,-90,-82,-83,-66,-87,A06
-73,-72,-60,-91,-79,-82,-66,-85,A06
-72,-72,-62,-88,-78,-84,-68,-85,A06
-72,-71,-60,-91,-76,-79,-65,-87,A06
-74,-79,-59,-89,-74,-82,-66,-85,A06
-73,-80,-61,-88,-77,-81,-69,-87,A06
-70,-82,-59,-89,-74,-83,-68,-85,A06
-72,-80,-59,-95,-77,-82,-67,-92,A06
-73,-80,-60,-90,-74,-81,-67,-85,A06
-72,-80,-63,-91,-77,-81,-66,-89,A06
-73,-79,-61,-89,-86,-82,-70,-85,A06
-73,-68,-69,-91,-79,-81,-68,-87,A06
-75,-72,-68,-90,-78,-85,-66,-87,A06
-74,-73,-65,-92,-77,-82,-66,-87,A06
-71,-76,-60,-89,-79,-83,-69,-85,A06
-73,-73,-58,-92,-79,-81,-67,-86,A06
-75,-71,-60,-94,-78,-80,-67,-86,A06
-72,-71,-61,-86,-76,-80,-68,-86,A06
-73,-75,-61,0,-73,-80,-66,-85,A06
-76,-60,-69,-92,-73,-95,-68,-90,A07
-74,-60,-65,-92,-77,-92,-67,-90,A07
-76,-60,-66,-93,-77,-92,-67,-92,A07
-72,-58,-64,-93,-74,-90,-68,-90,A07
-75,-60,-65,-95,-75,-90,-68,-91,A07
-74,-59,-65,-92,-76,-91,-70,-91,A07
-74,-61,-66,-92,-76,-92,-69,-91,A07
-73,-59,-65,-92,-76,-91,-69,-88,A07
-75,-61,-67,-89,-75,-86,-69,-93,A07
-74,-60,-66,-95,-77,-89,-68,-91,A07
-74,-60,-65,-92,-73,-90,-70,-92,A07
-75,-59,-66,-93,-75,-91,-69,-90,A07
-75,-58,-66,-92,-75,-90,-70,-89,A07
-74,-60,-64,-91,-74,-92,-69,-92,A07
-73,-58,-66,-91,-75,-91,-68,-91,A07
-75,-60,-66,-93,-75,-92,-69,-90,A07
-74,-60,-65,-93,-77,-91,-70,-90,A07
-73,-56,-65,-92,-78,-92,-70,-91,A07
-75,-59,-66,-90,-76,-91,-69,-92,A07
-75,-59,-65,-91,-77,-91,-70,-89,A07
-75,-58,-65,-93,-76,-89,-70,-90,A07
-75,-59,-64,-93,-75,-90,-69,-91,A07
-74,-59,-65,-93,-75,-88,-67,-91,A07
-74,-60,-60,-94,-74,-88,-67,-92,A07
-75,-60,-66,-89,-75,-88,-75,-92,A07
-74,-59,-66,-92,-74,-90,-67,-92,A07
-75,-59,-65,-92,-75,-87,-69,-92,A07
-74,-61,-65,-89,-76,-90,-71,-92,A07
-75,-60,-66,-93,-75,-93,-68,-89,A07
-75,-60,-65,-94,-77,-91,-69,-91,A07
-74,-60,-62,-90,-77,-91,-69,-91,A07
-76,-59,-64,-94,-75,0,-69,-91,A07
-77,-59,-69,0,-76,0,-68,-89,A07
-71,-72,-84,-94,-78,-88,-77,-93,A08
-74,-86,-78,-94,-75,-90,-77,-91,A08
-73,-73,-78,-93,-77,-87,-82,-91,A08
-70,-76,-77,-95,-80,-89,-79,-94,A08
-75,-71,-77,-89,-81,-90,-86,-92,A08
-78,-69,-80,-94,-79,-89,-86,-90,A08
-74,-78,-76,-92,-79,-93,-81,-96,A08
-83,-74,-78,-91,-77,-92,-75,-92,A08
-70,-76,-76,-92,-76,-91,-79,-92,A08
-69,-73,-86,-92,-79,-93,-80,-92,A08
-74,-75,-80,-93,-75,-90,-85,-94,A08
-73,-76,-73,-87,-78,-87,-82,-93,A08
-73,-74,-77,-92,-77,-90,-78,-91,A08
-73,-76,-78,-93,-77,-88,-82,-93,A08
-74,-75,-79,-94,-78,-88,-84,-93,A08
-74,-76,-78,-94,-78,-92,-82,-92,A08
-70,-77,-78,-93,-77,-93,-84,-93,A08
-72,-74,-80,-91,-78,-89,-85,-92,A08
-72,-77,-79,-95,-75,-91,-84,-92,A08
-74,-75,-80,-94,-78,-90,-83,-93,A08
-73,-74,-81,-92,-78,-91,-86,-93,A08
-74,-74,-80,-92,-79,-90,-82,-93,A08
-74,-75,-79,-89,-79,-90,-85,-93,A08
-73,-76,-79,-92,-78,-91,-83,-92,A08
-72,-75,-80,-91,-78,-94,-82,-91,A08
-73,-76,-79,-91,-78,-90,-84,-93,A08
-74,-75,-78,-91,-77,-90,-83,-92,A08
-74,-75,-78,-94,-79,-93,-83,-93,A08
-71,-75,-79,-92,-79,-88,-83,-94,A08
-74,-75,-80,-91,-78,-90,-84,-94,A08
-74,-74,-79,-92,-79,-84,-83,-92,A08
-73,-76,-80,-91,-80,-85,-83,0,A08
-86,-86,-72,-94,-73,-78,-81,-90,B00
-79,-86,-68,-93,-71,-83,-76,-92,B00
-80,-88,-70,-90,-72,-76,-78,-89,B00
-77,-86,-69,-94,-71,-83,-81,-93,B00
-76,-89,-72,-91,-70,-81,-85,-92,B00
-80,-88,-68,-90,-70,-82,-82,-91,B00
-76,-88,-72,-93,-71,-81,-83,-93,B00
-78,-86,-66,-93,-70,-79,-85,-93,B00
-77,-84,-69,-91,-70,-79,-77,-91,B00
-81,-88,-70,-93,-69,-78,-78,-93,B00
-79,-87,-73,-94,-69,-80,-78,-94,B00
-82,-86,-68,-94,-68,-76,-77,-92,B00
-82,-86,-68,-90,-73,-74,-83,-91,B00
-80,-89,-67,-91,-70,-81,-71,-94,B00
-78,-86,-68,-90,-71,-75,-76,-92,B00
-78,-85,-70,-92,-69,-76,-77,-93,B00
-77,-88,-65,-91,-71,-80,-77,-89,B00
-83,-91,-67,-92,-69,-76,-75,-90,B00
-84,-93,-69,-94,-70,-75,-82,-89,B00
-82,-93,-69,-93,-70,-75,-81,-89,B00
-80,-86,-69,-93,-68,-79,-84,-92,B00
-82,-88,-67,-92,-70,-79,-82,-91,B00
-81,-86,-69,-93,-70,-80,-80,-91,B00
-81,-85,-68,-92,-68,-79,-75,-91,B00
-82,-87,-69,-95,-65,-78,-85,-91,B00
-84,-88,-66,-93,-70,-79,-77,-92,B00
-80,-86,-68,-95,-71,-76,-78,-92,B00
-81,-85,-67,-94,-71,-76,-73,-93,B00
-77,-87,-68,-92,-70,-76,-75,-95,B00
-81,-84,-69,-93,-70,-77,-72,-92,B00
-81,-91,-69,-91,-69,-76,-76,-92,B00
-86,-90,-69,0,-70,-79,-87,0,B00
-79,-83,-76,-93,-67,-79,-75,-90,B01
-79,-83,-77,-94,-69,-79,-79,-87,B01
-79,-84,-76,-91,-69,-79,-80,-90,B01
-79,-85,-85,-95,-70,-78,-75,-89,B01
-77,-86,-81,-93,-68,-79,-77,-90,B01
-76,-86,-80,-93,-71,-80,-77,-90,B01
-75,-84,-81,-93,-70,-80,-80,-89,B01
-77,-83,-81,-91,-69,-79,-78,-90,B01
-76,-86,-79,-92,-69,-80,-79,-91,B01
-78,-84,-78,-93,-68,-79,-78,-89,B01
-78,-83,-80,-91,-69,-80,-78,-92,B01
-77,-83,-81,-94,-68,-80,-77,-90,B01
-78,-83,-79,-91,-68,-79,-79,-90,B01
-78,-81,-78,-95,-69,-79,-79,-93,B01
-75,-85,-75,-92,-68,-79,-77,-88,B01
-79,-83,-77,-94,-69,-79,-78,-90,B01
-78,-83,-77,-94,-68,-79,-76,-91,B01
-78,-86,-78,-94,-68,-79,-75,-90,B01
-78,-84,-76,-93,-69,-79,-76,-89,B01
-75,-84,-75,-93,-70,-79,-77,-89,B01
-75,-86,-80,-92,-68,-80,-73,-90,B01
-80,-87,-77,-92,-71,-81,-74,-90,B01
-77,-85,-75,-90,-68,-78,-76,-89,B01
-76,-85,-75,-91,-68,-80,-77,-90,B01
-77,-85,-76,-91,-71,-77,-75,-90,B01
-76,-85,-75,-93,-69,-77,-78,-90,B01
-77,-83,-77,-92,-67,-78,-76,-91,B01
-73,-82,-77,-90,-68,-76,-78,-89,B01
-78,-84,-76,-92,-69,-76,-79,-90,B01
-77,-83,-78,-92,-69,-75,-78,-92,B01
-76,-84,-78,-92,-69,-77,-78,-91,B01
-74,-81,-62,-86,-69,-77,-71,-88,B02
-74,-82,-63,-84,-70,-78,-69,-86,B02
-75,-81,-63,-88,-71,-77,-68,-88,B02
-76,-82,-63,-92,-69,-78,-70,-87,B02
-75,-81,-63,-87,-70,-76,-69,-88,B02
-75,-81,-64,-84,-73,-78,-69,-87,B02
-75,-81,-64,-85,-71,-77,-72,-88,B02
-77,-83,-63,-85,-70,-77,-71,-88,B02
-74,-81,-65,-86,-65,-76,-69,-87,B02
-77,-81,-63,-86,-71,-77,-72,-88,B02
-74,-89,-62,-86,-71,-77,-69,-86,B02
-77,-82,-62,-86,-70,-76,-67,-90,B02
-76,-82,-62,-86,-68,-77,-70,-87,B02
-74,-80,-63,-87,-70,-78,-70,-84,B02
-76,-80,-64,-86,-69,-77,-69,-86,B02
-75,-81,-65,-87,-70,-77,-70,-84,B02
-75,-80,-64,-86,-68,-79,-72,-86,B02
-75,-81,-63,-85,-70,-77,-68,-88,B02
-77,-80,-64,-85,-68,-77,-69,-87,B02
-73,-80,-65,-87,-67,-78,-72,-84,B02
-75,-83,-66,-87,-70,-76,-72,-87,B02
-73,-80,-65,-87,-70,-76,-71,-86,B02
-73,-82,-64,-88,-71,-76,-72,-87,B02
-77,-80,-65,-88,-68,-78,-70,-87,B02
-75,-81,-63,-88,-70,-77,-71,-87,B02
-77,-81,-66,-84,-71,-77,-72,-86,B02
-76,-82,-63,-88,-70,-75,-69,-87,B02
-76,-84,-64,-86,-67,-76,-68,-87,B02
-72,-91,-64,-84,-69,-75,-70,-90,B02
-77,-93,-65,-87,-74,-74,-68,-86,B02
-79,-77,-70,-85,-72,-76,-72,-87,B02
-76,-82,-62,-86,-72,-76,-69,-87,B02
-77,-82,-64,0,-72,-75,-70,0,B02
-72,-75,-80,-91,-67,-75,-59,-92,B03
-73,-77,-70,-89,-68,-77,-58,-91,B03
-73,-77,-67,-92,-68,-78,-59,-91,B03
-77,-82,-70,-93,-68,-76,-59,-90,B03
-73,-77,-72,-93,-69,-77,-59,-90,B03
-74,-78,-71,-92,-67,-81,-59,-90,B03
-72,-77,-72,-94,-68,-77,-58,-88,B03
-73,-77,-71,-90,-68,-76,-58,-90,B03
-71,-77,-72,-92,-67,-77,-58,-92,B03
-74,-78,-68,-90,-68,-77,-59,-90,B03
-74,-76,-69,-91,-67,-77,-61,-91,B03
-74,-77,-72,-92,-68,-76,-57,-91,B03
-73,-78,-71,-89,-68,-77,-60,-89,B03
-72,-78,-72,-89,-67,-76,-58,-90,B03
-72,-78,-74,-91,-69,-77,-58,-89,B03
-73,-78,-71,-91,-66,-77,-58,-90,B03
-73,-78,-75,-93,-68,-78,-57,-89,B03
-73,-79,-72,-93,-68,-77,-57,-90,B03
-71,-74,-71,-94,-69,-78,-58,-91,B03
-74,-77,-71,-93,-69,-78,-59,-92,B03
-71,-78,-74,-93,-68,-78,-58,-91,B03
-72,-78,-71,-92,-68,-79,-58,-91,B03
-71,-78,-71,-93,-67,-78,-58,-89,B03
-73,-78,-73,-90,-66,-78,-58,-92,B03
-73,-74,-72,-92,-68,-77,-58,-93,B03
-74,-78,-72,-91,-69,-77,-58,-91,B03
-74,-78,-71,-92,-69,-77,-58,-90,B03
-73,-78,-71,-93,-66,-75,-58,-89,B03
-74,-78,-71,-89,-72,-77,-58,-90,B03
-73,-79,-72,-92,-70,-77,-59,-90,B03
-72,-76,-71,-94,-72,-77,-58,-91,B03
-74,-82,-68,-81,-65,-83,-65,-93,B04
-74,-78,-70,-82,-64,-82,-64,-92,B04
-71,-78,-69,-81,-64,-81,-64,-95,B04
-72,-79,-69,-84,-63,-80,-64,-91,B04
-71,-77,-68,-81,-63,-82,-65,-91,B04
-71,-80,-68,-83,-64,-83,-65,-91,B04
-72,-78,-66,-81,-63,-82,-65,-92,B04
-73,-78,-69,-83,-64,-82,-64,-91,B04
-72,-79,-69,-84,-64,-82,-65,-96,B04
-71,-78,-68,-83,-65,-81,-65,-93,B04
-72,-80,-69,-84,-65,-80,-64,-92,B04
-73,-81,-69,-83,-64,-82,-65,-93,B04
-70,-80,-69,-83,-65,-79,-64,-93,B04
-73,-77,-69,-83,-65,-81,-63,-93,B04
-71,-80,-69,-81,-65,-84,-65,-95,B04
-71,-78,-71,-82,-63,-82,-64,-93,B04
-71,-79,-68,-82,-60,-80,-66,-92,B04
-71,-84,-64,-82,-65,-79,-65,-92,B04
-72,-77,-70,-82,-64,-82,-64,-93,B04
-72,-79,-70,-82,-63,-81,-65,-92,B04
-71,-83,-68,-83,-64,-78,-63,-94,B04
-73,-77,-69,-83,-64,-80,-64,-91,B04
-70,-81,-63,-83,-64,-82,-63,-93,B04
-72,-81,-68,-86,-65,-80,-65,-90,B04
-72,-78,-70,-82,-64,-82,-66,-92,B04
-74,-79,-68,-82,-65,-80,-65,-91,B04
-73,-78,-70,-83,-64,-81,-65,-92,B04
-71,-77,-70,-82,-64,-84,-65,-89,B04
-71,-81,-68,-81,-63,-81,-65,-94,B04
-72,-80,-68,-82,-65,-82,-65,-91,B04
-71,-81,-70,-82,-64,-84,-63,-94,B04
-78,-71,-55,-85,-66,-84,-60,-90,B05
-69,-70,-55,-84,-64,-82,-61,-92,B05
-65,-73,-57,-83,-66,-86,-58,-86,B05
-66,-73,-55,-84,-66,-85,-58,-90,B05
-68,-76,-58,-84,-65,-88,-58,-89,B05
-68,-74,-58,-85,-67,-86,-62,-88,B05
-67,-76,-57,-82,-64,-82,-59,-88,B05
-66,-75,-58,-85,-71,-83,-59,-88,B05
-67,-78,-58,-85,-65,-83,-57,-89,B05
-68,-75,-58,-84,-65,-86,-58,-89,B05
-69,-77,-58,-85,-65,-85,-57,-89,B05
-66,-75,-58,-85,-65,-85,-59,-88,B05
-65,-75,-58,-81,-62,-82,-58,-88,B05
-66,-74,-57,-84,-64,-84,-59,-88,B05
-66,-75,-57,-85,-64,-85,-58,-87,B05
-65,-74,-58,-83,-65,-86,-59,-88,B05
-67,-77,-57,-85,-64,-86,-58,-88,B05
-66,-74,-58,-84,-64,-85,-58,-86,B05
-67,-75,-59,-85,-65,-83,-58,-87,B05
-67,-75,-58,-84,-65,-84,-58,-88,B05
-67,-76,-59,-84,-65,-85,-59,-87,B05
-67,-74,-58,-85,-64,-84,-57,-87,B05
-67,-75,-61,-83,-66,-82,-58,-88,B05
-67,-75,-58,-87,-63,-86,-58,-89,B05
-67,-74,-57,-86,-64,-89,-58,-88,B05
-66,-75,-58,-85,-64,-87,-58,-88,B05
-66,-75,-59,-84,-66,-86,-59,-87,B05
-68,-75,-59,-83,-64,-84,-56,-89,B05
-66,-76,-57,-85,-64,-84,-59,-87,B05
-67,-76,-57,-85,-64,-84,-59,-88,B05
-67,-74,-60,-83,-65,-85,-59,-89,B05
-67,-75,-58,-85,-65,-84,-59,-87,B05
-66,-70,-65,-88,-68,-89,-69,-83,B06
-65,-70,-63,-89,-69,-88,-68,-82,B06
-63,-70,-66,-88,-69,-87,-68,-83,B06
-64,-71,-63,-87,-69,-87,-68,-81,B06
-63,-70,-65,-87,-69,-86,-67,-86,B06
-64,-72,-66,-86,-69,-87,-68,-82,B06
-65,-70,-65,-87,-70,-87,-65,-80,B06
-64,-71,-65,-86,-71,-86,-67,-81,B06
-63,-70,-64,-87,-69,-87,-67,-83,B06
-64,-69,-65,-86,-71,-82,-67,-81,B06
-63,-68,-64,-86,-70,-87,-67,-84,B06
-65,-71,-65,-86,-71,-85,-67,-80,B06
-63,-73,-65,-85,-69,-86,-65,-85,B06
-63,-70,-65,-86,-69,-85,-67,-81,B06
-64,-70,-65,-85,-67,-80,-68,-84,B06
-65,-70,-64,-86,-69,-86,-67,-84,B06
-66,-70,-65,-86,-70,-85,-67,-82,B06
-66,-70,-66,-88,-69,-85,-69,-83,B06
-65,-71,-64,-89,-69,-88,-76,-81,B06
-67,-70,-66,-89,-70,-83,-67,-88,B06
-63,-69,-69,-86,-69,-85,-68,-84,B06
-64,-68,-65,-85,-76,-81,-64,-85,B06
-67,-69,-64,-86,-68,-86,-73,-86,B06
-63,-69,-66,-87,-66,-83,-70,-81,B06
-65,-70,-66,-87,-69,-84,-67,-80,B06
-65,-70,-65,-86,-67,-84,-69,-82,B06
-63,-70,-65,-89,-69,-83,-67,-82,B06
-65,-70,-66,-88,-69,-83,-69,-83,B06
-64,-69,-65,-88,-70,-84,-65,-83,B06
-65,-71,-64,-86,-69,-86,-66,-81,B06
-67,-68,-64,-88,-71,-85,-68,-82,B06
-62,-57,-55,-83,-64,-87,-60,-89,B07
-62,-57,-54,-84,-62,-87,-61,-87,B07
-62,-57,-54,-84,-62,-87,-61,-87,B07
-62,-58,-55,-84,-63,-90,-61,-87,B07
-61,-56,-53,-86,-63,-89,-58,-88,B07
-61,-56,-53,-86,-63,-89,-58,-88,B07
-63,-57,-53,-83,-63,-89,-59,-85,B07
-62,-57,-55,-86,-61,-87,-61,-87,B07
-62,-57,-55,-86,-61,-87,-61,-87,B07
-68,-58,-59,-89,-72,-82,-66,-86,B07
-57,-61,-53,-85,-70,-73,-64,-76,B07
-55,-59,-55,-87,-73,-74,-65,-81,B07
-55,-59,-55,-87,-73,-74,-65,-81,B07
-56,-59,-53,-82,-74,-74,-65,-81,B07
-54,-59,-54,-85,-73,-72,-69,-81,B07
-54,-59,-54,-85,-73,-72,-69,-81,B07
-57,-59,-54,-83,-73,-71,-62,-81,B07
-56,-59,-55,-83,-90,-70,-62,-83,B07
-55,-60,-55,-85,-75,-74,-62,-83,B07
-55,-60,-55,-85,-75,-74,-62,-83,B07
-57,-59,-55,-85,-85,-72,-62,-82,B07
-60,-61,-54,-88,-72,-74,-61,-83,B07
-66,-67,-61,-82,-72,-83,-60,-83,B07
-66,-67,-61,-82,-72,-83,-60,-83,B07
-71,-70,-59,-89,-67,-73,-57,-92,B07
-67,-53,-53,-80,-67,-72,-58,-94,B07
-67,-53,-53,-80,-67,-72,-58,-94,B07
-70,-52,-54,-90,-65,-72,-60,-90,B07
-71,-62,-55,-90,-70,-79,-63,-93,B07
-70,-62,-54,-89,-68,-82,-66,-88,B07
-70,-62,-54,-89,-68,-82,-66,-88,B07
-70,-60,-56,-90,-68,-77,-65,-90,B07
-67,-72,-71,-91,-79,-93,-70,-93,B08
-67,-74,-66,-88,-79,-86,-69,-91,B08
-67,-71,-70,-89,-80,-91,-70,-89,B08
-66,-70,-70,-92,-78,-93,-68,-87,B08
-67,-72,-67,-91,-81,-91,-70,-89,B08
-67,-72,-68,-88,-76,-94,-70,-90,B08
-67,-72,-69,-87,-81,-92,-69,-94,B08
-65,-72,-70,-88,-80,-95,-70,-91,B08
-65,-72,-70,-90,-81,-91,-67,-89,B08
-67,-72,-71,-90,-81,-88,-70,-88,B08
-67,-73,-69,-90,-80,-88,-68,-88,B08
-66,-73,-67,-89,-81,-88,-67,-87,B08
-65,-72,-68,-88,-80,-86,-69,-89,B08
-66,-73,-68,-90,-82,-89,-68,-87,B08
-66,-72,-70,-91,-79,-88,-67,-90,B08
-68,-72,-68,-90,-80,-90,-65,-89,B08
-66,-74,-69,-89,-80,-91,-68,-86,B08
-67,-72,-70,-90,-78,-93,-68,-89,B08
-64,-72,-69,-90,-77,-90,-69,-87,B08
-65,-72,-69,-91,-79,-89,-69,-90,B08
-66,-73,-69,-90,-79,-89,-69,-91,B08
-63,-72,-69,-89,-79,-89,-68,-90,B08
-67,-72,-69,-89,-80,-91,-68,-89,B08
-67,-72,-70,-91,-80,-91,-66,-87,B08
-66,-71,-69,-88,-81,-92,-65,-85,B08
-65,-72,-69,-90,-80,-87,-70,-89,B08
-66,-71,-68,-88,-81,-89,-70,-90,B08
-68,-69,-73,-93,-82,-92,-68,-90,B08
-67,-72,-70,-90,-80,-89,-70,-87,B08
-66,-72,-69,-88,-80,-91,-68,-89,B08
-66,-73,-70,0,-80,-90,-73,-88,B08
-65,-72,-69,0,-79,-89,-71,-88,B08
-76,-85,-75,-90,-72,-74,-82,-92,C00
-75,-88,-75,-89,-72,-69,-84,-91,C00
-78,-87,-78,-92,-73,-70,-88,-92,C00
-77,-86,-73,-94,-75,-69,-84,-92,C00
-79,-86,-75,-92,-72,-70,-91,-91,C00
-76,-88,-77,-90,-74,-68,-86,-92,C00
-78,-86,-76,-92,-82,-69,-81,-91,C00
-77,-88,-75,-94,-69,-72,-83,-88,C00
-76,-87,-75,-92,-70,-73,-87,-93,C00
-78,-87,-77,-90,-69,-68,-83,-90,C00
-82,-90,-74,-90,-70,-76,-83,-91,C00
-82,-88,-74,-92,-68,-72,-90,-94,C00
-82,-84,-76,-91,-68,-66,-88,-90,C00
-82,-84,-84,-94,-69,-69,-81,-92,C00
-77,-87,-73,-93,-70,-68,-84,-93,C00
-80,-86,-76,-88,-70,-73,-89,-89,C00
-82,-85,-76,-91,-68,-70,-91,-91,C00
-78,-83,-77,-89,-69,-69,-90,-90,C00
-76,-84,-77,-90,-71,-68,-88,-90,C00
-81,-86,-80,-93,-70,-67,-82,-90,C00
-79,-88,-74,-90,-67,-70,-85,-89,C00
-78,-90,-74,-93,-68,-71,-82,-87,C00
-81,-86,-76,-91,-69,-67,-86,-94,C00
-81,-88,-77,-92,-69,-66,-91,-92,C00
-81,-91,-77,-88,-69,-68,-87,-92,C00
-83,-85,-76,-90,-69,-71,-90,-93,C00
-82,-84,-76,-92,-70,-68,-84,-91,C00
-82,-83,-74,-91,-72,-68,-86,-91,C00
-83,-84,-75,-90,-69,-70,-84,-93,C00
-84,-83,-76,-90,-72,-71,-90,-91,C00
-80,-84,-76,-92,-69,-67,-85,-93,C00
-82,-85,-75,-89,-72,-68,-89,-92,C00
-74,-89,-67,-90,-71,-59,-74,-93,C01
-84,-93,-70,-95,-69,-59,-76,-95,C01
-82,-91,-71,-94,-69,-59,-76,-90,C01
-87,-81,-72,-91,-65,-61,-75,-94,C01
-79,-82,-68,-93,-69,-61,-76,-89,C01
-79,-77,-70,-96,-65,-62,-73,-85,C01
-78,-81,-69,-94,-64,-62,-73,-85,C01
-77,-81,-71,-96,-65,-62,-72,-86,C01
-78,-80,-72,-92,-69,-62,-74,-83,C01
-79,-80,-69,-92,-68,-64,-76,-84,C01
-78,-82,-71,-94,-68,-62,-77,-86,C01
-79,-82,-72,-92,-67,-63,-78,-86,C01
-78,-83,-70,-96,-68,-60,-75,-87,C01
-82,-83,-70,-93,-67,-62,-75,-86,C01
-79,-83,-69,-89,-66,-61,-76,-84,C01
-81,-83,-69,-95,-67,-61,-75,-85,C01
-79,-82,-71,-93,-66,-61,-76,-84,C01
-80,-82,-68,-94,-66,-61,-79,-87,C01
-79,-82,-67,-92,-67,-61,-78,-86,C01
-80,-85,-70,-92,-65,-60,-76,-86,C01
-80,-81,-70,-94,-67,-61,-75,-86,C01
-81,-84,-71,-93,-67,-60,-79,-84,C01
-82,-77,-69,-92,-62,-62,-77,-85,C01
-81,-80,-69,-92,-68,-61,-77,-86,C01
-79,-82,-70,-93,-67,-61,-76,-84,C01
-78,-82,-69,-93,-69,-62,-76,-87,C01
-80,-81,-70,-91,-68,-62,-77,-85,C01
-79,-84,-70,-91,-68,-63,-77,-88,C01
-83,-82,-69,-95,-69,-62,-80,-88,C01
-82,-82,-70,0,-67,-60,-74,-87,C01
-80,-85,-70,0,-65,-59,-74,-89,C01
-81,-85,-71,0,-67,-60,-75,0,C01
-79,-79,-85,-95,-75,-77,-73,-86,C02
-77,-80,-77,-93,-76,-79,-75,-88,C02
-77,-79,-79,-93,-72,-79,-76,-87,C02
-75,-79,-79,-92,-72,-79,-72,-89,C02
-74,-77,-76,-94,-73,-79,-75,-86,C02
-73,-79,-76,-93,-70,-77,-71,-85,C02
-76,-80,-75,-94,-72,-80,-75,-88,C02
-72,-80,-75,-94,-73,-79,-72,-89,C02
-74,-79,-74,-95,-74,-78,-70,-88,C02
-76,-78,-75,-91,-74,-81,-74,-86,C02
-76,-79,-76,-93,-73,-81,-76,-87,C02
-76,-79,-74,-94,-72,-80,-71,-87,C02
-76,-76,-76,-91,-73,-80,-74,-87,C02
-77,-79,-75,-94,-73,-79,-76,-88,C02
-75,-78,-75,-95,-74,-80,-76,-86,C02
-75,-79,-76,-94,-72,-78,-74,-89,C02
-74,-78,-76,-92,-72,-80,-74,-86,C02
-76,-79,-77,-90,-73,-79,-72,-85,C02
-74,-80,-76,-93,-72,-79,-72,-86,C02
-75,-79,-75,-90,-73,-79,-75,-87,C02
-73,-79,-76,-91,-74,-80,-75,-85,C02
-75,-78,-76,-94,-73,-79,-74,-88,C02
-76,-76,-75,-93,-73,-80,-72,-89,C02
-73,-76,-76,-92,-74,-79,-73,-87,C02
-75,-79,-73,-92,-74,-80,-74,-88,C02
-76,-78,-75,-92,-73,-79,-74,-87,C02
-75,-77,-75,-95,-74,-80,-76,-88,C02
-76,-79,-76,-92,-72,-80,-74,-88,C02
-79,-79,-75,-91,-70,-81,-73,-87,C02
-75,-79,-73,-93,-70,-79,-73,-87,C02
-75,-76,-75,-90,-72,-80,-74,-87,C02
-74,-77,-74,-90,-73,-79,-73,-87,C02
-76,-77,-78,0,-70,-79,-75,0,C02
-67,-80,-76,-87,-73,-83,-81,-93,C03
-69,-82,-73,-88,-73,-83,-75,-91,C03
-67,-80,-80,-87,-69,-82,-83,-90,C03
-69,-82,-74,-88,-70,-83,-80,-91,C03
-68,-81,-78,-87,-72,-81,-70,-91,C03
-70,-77,-73,-85,-70,-86,-71,-90,C03
-66,-80,-73,-88,-72,-84,-76,-92,C03
-67,-79,-69,-85,-71,-82,-74,-88,C03
-69,-79,-75,-88,-69,-88,-73,-89,C03
-67,-80,-75,-87,-71,-90,-72,-90,C03
-68,-79,-80,-86,-72,-91,-72,-90,C03
-68,-83,-75,-89,-74,-86,-79,-89,C03
-70,-82,-79,-87,-70,-86,-80,-90,C03
-69,-80,-77,-89,-73,-89,-74,-88,C03
-69,-80,-76,-88,-70,-85,-72,-93,C03
-68,-79,-75,-87,-72,-90,-76,-91,C03
-68,-84,-75,-88,-72,-89,-68,-89,C03
-70,-78,-75,-88,-71,-86,-76,-91,C03
-68,-82,-75,-89,-72,-86,-79,-92,C03
-68,-83,-75,-90,-72,-85,-75,-90,C03
-69,-82,-76,-87,-72,-84,-75,-90,C03
-67,-77,-75,-89,-74,-89,-76,-92,C03
-68,-83,-79,-89,-73,-89,-81,-90,C03
-67,-81,-74,-87,-73,-86,-76,-92,C03
-74,-82,-73,-89,-71,-89,-77,-89,C03
-70,-81,-75,-84,-73,-87,-74,-89,C03
-69,-81,-72,-89,-71,-83,-76,-89,C03
-67,-81,-73,-87,-73,-83,-75,-89,C03
-68,-80,-73,-88,-73,-81,-74,-90,C03
-69,-78,-77,-89,-73,-87,-76,-90,C03
-67,-79,-79,-87,-72,-88,-77,-90,C03
-68,-88,-80,-87,-74,-90,-78,-90,C03
-77,-75,-68,-86,-64,-85,-50,-81,C04
-76,-73,-67,-82,-66,-91,-50,-83,C04
-85,-75,-67,-88,-63,-87,-51,-82,C04
-76,-69,-66,-86,-73,-89,-49,-88,C04
-77,-72,-66,-85,-64,-85,-51,-83,C04
-78,-74,-70,-86,-64,-86,-50,-83,C04
-79,-72,-67,-86,-65,-83,-50,-83,C04
-78,-71,-69,-87,-65,-85,-50,-84,C04
-78,-73,-68,-87,-65,-85,-50,-84,C04
-75,-72,-71,-83,-65,-85,-50,-84,C04
-82,-72,-65,-86,-65,-79,-51,-84,C04
-79,-70,-67,-87,-64,-85,-51,-84,C04
-74,-73,-71,-85,-65,-81,-51,-82,C04
-79,-76,-72,-84,-66,-82,-51,-85,C04
-76,-71,-72,-82,-63,-85,-50,-83,C04
-77,-73,-68,-85,-65,-81,-51,-86,C04
-78,-73,-67,-89,-62,-83,-50,-85,C04
-75,-73,-69,-87,-65,-85,-50,-85,C04
-77,-72,-67,-81,-64,-86,-50,-85,C04
-79,-73,-67,-86,-66,-81,-49,-83,C04
-77,-73,-65,-88,-66,-83,-48,-81,C04
-76,-73,-69,-85,-64,-79,-52,-84,C04
-81,-73,-70,-87,-63,-82,-49,-83,C04
-79,-73,-67,-86,-65,-84,-50,-84,C04
-81,-73,-69,-87,-64,-83,-49,-83,C04
-79,-73,-69,-85,-64,-84,-49,-82,C04
-80,-72,-70,-86,-64,-89,-50,-88,C04
-80,-73,-70,-88,-62,-83,-50,-83,C04
-79,-74,-67,-87,-64,-87,-49,-82,C04
-78,-73,-69,-87,-66,-83,-50,-82,C04
-79,-72,-70,-86,-64,-86,-49,-83,C04
-79,-75,-69,-88,-64,-83,-49,-83,C04
-75,-75,-73,-89,-63,-77,-61,-88,C05
-71,-81,-71,-88,-66,-77,-59,-85,C05
-72,-77,-75,-88,-65,-81,-60,-83,C05
-71,-75,-71,-88,-65,-78,-58,-85,C05
-69,-76,-72,-88,-67,-85,-59,-84,C05
-76,-79,-70,-89,-64,-80,-61,-86,C05
-72,-75,-70,-91,-67,-78,-60,-83,C05
-74,-78,-74,-89,-68,-79,-60,-87,C05
-73,-77,-71,-93,-68,-81,-61,-85,C05
-72,-77,-73,-90,-68,-79,-60,-84,C05
-73,-76,-72,-91,-69,-81,-63,-84,C05
-74,-77,-74,-91,-67,-80,-59,-86,C05
-73,-79,-74,-89,-67,-80,-59,-85,C05
-71,-77,-72,-89,-67,-78,-60,-83,C05
-71,-78,-71,-90,-67,-81,-59,-87,C05
-69,-77,-72,-90,-68,-81,-57,-83,C05
-76,-75,-67,-90,-66,-77,-58,-83,C05
-78,-75,-73,-90,-69,-77,-58,-83,C05
-76,-74,-71,-88,-64,-78,-57,-82,C05
-75,-72,-70,-87,-63,-78,-56,-84,C05
-72,-74,-64,-87,-68,-77,-58,-83,C05
-77,-76,-67,-88,-65,-77,-57,-84,C05
-72,-75,-67,-91,-66,-75,-57,-85,C05
-73,-75,-72,-88,-64,-79,-58,-83,C05
-73,-76,-69,-90,-64,-79,-57,-84,C05
-76,-75,-71,-91,-68,-81,-56,-84,C05
-74,-75,-69,-91,-66,-81,-56,-83,C05
-76,-76,-71,-89,-70,-87,-62,-85,C05
-72,-76,-71,-89,-66,-82,-61,-84,C05
-71,-75,-72,-92,-65,-81,-59,-82,C05
-74,-76,-70,-91,-65,-80,-57,-86,C05
-73,-75,-72,-89,-67,-85,-58,-86,C05
-74,-77,-70,-90,-67,-77,-58,-89,C05
-66,-77,-50,-87,-69,-82,-64,-81,C06
-67,-78,-52,-87,-70,-82,-63,-84,C06
-64,-76,-50,-89,-69,-83,-61,-76,C06
-66,-80,-51,-88,-69,-85,-63,-82,C06
-67,-81,-50,-91,-70,-85,-64,-81,C06
-67,-82,-50,-91,-70,-83,-64,-79,C06
-67,-82,-50,-92,-68,-84,-62,-81,C06
-68,-84,-50,-90,-68,-88,-62,-88,C06
-68,-79,-51,-91,-68,-84,-63,-80,C06
-69,-83,-50,-91,-69,-88,-63,-79,C06
-68,-84,-51,-89,-70,-88,-63,-79,C06
-68,-82,-52,-89,-69,-85,-63,-85,C06
-68,-84,-52,-88,-67,-85,-63,-81,C06
-67,-84,-51,-89,-70,-83,-64,-79,C06
-68,-80,-50,-90,-70,-85,-64,-82,C06
-67,-82,-51,-91,-70,-85,-62,-84,C06
-67,-88,-52,-87,-70,-90,-63,-85,C06
-67,-81,-51,-89,-71,-84,-62,-78,C06
-68,-81,-51,-90,-69,-83,-63,-81,C06
-68,-82,-48,-87,-70,-85,-64,-81,C06
-67,-82,-50,-88,-70,-83,-63,-80,C06
-66,-81,-51,-89,-70,-83,-63,-81,C06
-66,-82,-52,-87,-70,-83,-63,-85,C06
-67,-80,-51,-88,-69,-86,-63,-81,C06
-66,-82,-51,-89,-69,-85,-63,-78,C06
-67,-79,-51,-87,-72,-83,-63,-80,C06
-65,-81,-51,-87,-72,-85,-63,-79,C06
-66,-83,-51,-90,-70,-84,-63,-80,C06
-68,-81,-51,-90,-69,-84,-63,-84,C06
-68,-81,-51,-88,-71,-84,-63,-80,C06
-68,-81,-48,-92,-69,-85,-62,-76,C06
-68,-83,-50,-89,-69,-85,-64,-85,C06
-68,-82,-51,0,-70,-86,-61,-82,C06
-82,-66,-71,-82,-78,-80,-70,-86,C07
-76,-70,-78,-86,-73,-75,-71,-87,C07
-78,-69,-77,-86,-76,-79,-73,-76,C07
-77,-70,-72,-85,-78,-82,-82,-81,C07
-68,-71,-71,-84,-72,-81,-83,-83,C07
-70,-70,-69,-85,-70,-82,-76,-81,C07
-64,-70,-69,-84,-71,-81,-75,-81,C07
-69,-70,-71,-90,-73,-86,-79,-86,C07
-71,-71,-71,-90,-74,-80,-83,-87,C07
-71,-70,-72,-89,-72,-80,-82,-87,C07
-71,-69,-71,-90,-73,-81,-81,-87,C07
-65,-71,-70,-90,-73,-81,-83,-89,C07
-72,-68,-73,-90,-74,-80,-83,-88,C07
-71,-71,-71,-90,-72,-79,-82,-88,C07
-70,-71,-70,-91,-72,-81,-82,-87,C07
-69,-69,-70,-89,-73,-81,-79,-87,C07
-71,-70,-73,-88,-72,-78,-84,-88,C07
-70,-68,-71,-94,-72,-80,-83,-87,C07
-69,-71,-69,-88,-72,-79,-83,-88,C07
-71,-69,-70,-92,-72,-81,-82,-88,C07
-69,-70,-69,-90,-69,-80,-79,-88,C07
-70,-71,-71,-93,-72,-79,-80,-86,C07
-69,-70,-71,-92,-71,-80,-80,-89,C07
-70,-71,-71,-89,-72,-80,-76,-88,C07
-70,-70,-68,-90,-73,-81,-80,-87,C07
-66,-71,-69,-90,-72,-87,-79,-88,C07
-68,-71,-69,-92,-72,-81,-79,-87,C07
-69,-72,-70,-88,-72,-81,-78,-86,C07
-68,-71,-67,-91,-71,-80,-82,-87,C07
-70,-72,-70,-91,-71,-79,-78,-89,C07
-66,-71,-70,-90,-70,-77,-79,-87,C07
-70,-71,-70,0,-71,-80,-78,-87,C07
-64,-78,-68,-91,-76,-87,-79,-84,C08
-66,-78,-72,-89,-80,-86,-80,-82,C08
-69,-77,-67,-87,-83,-82,-83,-86,C08
-67,-75,-63,-92,-77,-88,-80,-90,C08
-67,-76,-69,-88,-80,-86,-78,-84,C08
-66,-76,-71,-88,-77,-86,-77,-83,C08
-67,-75,-70,-92,-78,-86,-78,-83,C08
-66,-78,-70,-89,-85,-85,-79,-85,C08
-66,-76,-71,-87,-83,-84,-82,-84,C08
-64,-86,-71,-87,-81,-85,-78,-81,C08
-64,-84,-71,-87,-80,-85,-77,-82,C08
-64,-86,-71,-86,-80,-83,-78,-82,C08
-65,-81,-70,-91,-81,-84,-78,-83,C08
-62,-82,-70,-92,-82,-85,-79,-84,C08
-65,-82,-72,-89,-81,-84,-76,-85,C08
-65,-85,-69,-91,-79,-84,-77,-83,C08
-65,-82,-70,-90,-78,-85,-79,-83,C08
-64,-79,-70,-90,-82,-85,-76,-84,C08
-64,-82,-69,-88,-79,-84,-78,-82,C08
-65,-80,-70,-87,-81,-84,-79,-83,C08
-63,-92,-71,-87,-82,-84,-75,-84,C08
-66,-83,-67,-86,-75,-84,-80,-86,C08
-66,-82,-71,-85,-79,-83,-78,-84,C08
-63,-84,-71,-87,-82,-83,-78,-83,C08
-63,-81,-72,-86,-79,-82,-78,-85,C08
-64,-83,-71,-90,-79,-84,-79,-86,C08
-64,-85,-70,-91,-79,-84,-79,-86,C08
-62,-86,-71,-94,-78,-83,-81,-85,C08
-60,-84,-71,-91,-80,-84,-77,-85,C08
-63,-80,-71,-89,-78,-82,-76,-85,C08
-65,-85,-71,-91,-75,-84,-79,-84,C08
-64,-79,-71,-92,-77,-84,-80,-85,C08
-70,-84,-76,-92,-78,-59,-70,-92,D00
-74,-84,-75,-94,-75,-65,-72,-88,D00
-73,-85,-74,-90,-75,-64,-71,-87,D00
-74,-86,-77,-93,-76,-65,-73,-90,D00
-73,-85,-75,-93,-75,-64,-71,-91,D00
-73,-84,-74,-91,-79,-64,-70,-91,D00
-73,-85,-76,-94,-78,-64,-72,-90,D00
-71,-84,-73,-93,-80,-65,-68,-90,D00
-72,-84,-72,-95,-76,-65,-72,-91,D00
-73,-83,-74,-92,-74,-66,-71,-93,D00
-70,-82,-76,-92,-73,-67,-73,-89,D00
-71,-82,-74,-92,-80,-65,-71,-92,D00
-73,-83,-73,-93,-78,-63,-74,-91,D00
-76,-85,-76,-90,-81,-66,-73,-91,D00
-73,-87,-75,-94,-76,-64,-71,-90,D00
-70,-85,-74,-91,-70,-66,-72,-89,D00
-69,-85,-75,-93,-75,-66,-75,-87,D00
-73,-84,-76,-92,-74,-65,-70,-88,D00
-75,-87,-74,-91,-75,-65,-71,-89,D00
-72,-83,-74,-90,-75,-67,-73,-89,D00
-72,-87,-74,-90,-75,-65,-71,-91,D00
-73,-85,-74,-91,-74,-67,-68,-90,D00
-74,-85,-74,-94,-72,-66,-71,-88,D00
-74,-87,-72,-95,-74,-66,-71,-89,D00
-74,-87,-74,-93,-74,-66,-72,-88,D00
-74,-86,-74,-91,-74,-67,-71,-90,D00
-74,-86,-75,-95,-74,-65,-70,-89,D00
-73,-86,-74,-91,-74,-67,-72,-89,D00
-74,-85,-73,-90,-75,-66,-70,-90,D00
-76,-86,-74,-93,-73,-65,-71,-89,D00
-74,-85,-74,-94,-75,-66,-70,0,D00
-74,0,-74,-92,-73,-66,-71,0,D00
-77,-94,-77,-92,-64,-76,-71,-90,D01
-78,-91,-71,-89,-63,-77,-72,-88,D01
-77,-91,-76,-91,-65,-76,-72,-87,D01
-77,-88,-76,-91,-64,-76,-71,-88,D01
-78,-93,-74,-90,-65,-76,-70,-89,D01
-77,-94,-76,-91,-65,-73,-71,-89,D01
-77,-96,-75,-87,-63,-70,-74,-89,D01
-79,-90,-75,-90,-63,-72,-71,-87,D01
-82,-93,-80,-89,-65,-72,-72,-86,D01
-80,-94,-76,-88,-65,-71,-71,-88,D01
-79,-92,-77,-90,-64,-71,-72,-88,D01
-79,-95,-76,-91,-65,-72,-72,-87,D01
-78,-92,-77,-90,-66,-72,-72,-88,D01
-79,-91,-74,-89,-64,-72,-73,-87,D01
-79,-92,-76,-90,-65,-74,-71,-91,D01
-76,-92,-75,-91,-64,-73,-69,-88,D01
-77,-90,-76,-90,-64,-73,-71,-86,D01
-76,-93,-77,-90,-65,-73,-72,-87,D01
-79,-92,-78,-90,-64,-73,-73,-88,D01
-77,-91,-74,-89,-65,-71,-73,-87,D01
-77,-94,-75,-90,-64,-73,-74,-87,D01
-78,-94,-74,-90,-64,-74,-73,-86,D01
-78,-92,-76,-91,-64,-74,-72,-88,D01
-77,-93,-75,-90,-65,-72,-74,-87,D01
-76,-91,-74,-90,-64,-72,-72,-87,D01
-77,-93,-75,-92,-65,-72,-72,-89,D01
-79,-93,-74,-90,-64,-71,-71,-87,D01
-77,-96,-74,-91,-65,-73,-69,-87,D01
-78,-94,-74,-88,-65,-75,-73,-86,D01
-76,-91,-76,-91,-64,-72,-71,-88,D01
-79,-91,-75,-92,-64,-73,-71,-88,D01
-82,-91,-76,-91,-65,-72,-70,-88,D01
-81,0,-74,-91,-64,-73,-74,0,D01
-75,-82,-82,-91,-69,-73,-71,-90,D02
-75,-83,-83,-90,-71,-72,-69,-90,D02
-72,-82,-81,-89,-71,-71,-69,-91,D02
-76,-83,-81,-87,-69,-72,-70,-92,D02
-77,-84,-80,-93,-71,-71,-72,-93,D02
-77,-85,-83,-86,-66,-71,-71,-92,D02
-75,-83,-79,-94,-68,-70,-68,-90,D02
-76,-82,-77,-93,-67,-70,-69,-90,D02
-78,-83,-78,-84,-69,-69,-68,-91,D02
-76,-86,-78,-87,-65,-71,-70,-94,D02
-75,-83,-78,-88,-70,-66,-69,-86,D02
-84,-83,-78,-89,-77,-73,-72,-88,D02
-80,-83,-78,-87,-75,-71,-67,-96,D02
-78,-82,-83,-91,-72,-71,-70,-93,D02
-81,-82,-78,-93,-71,-71,-67,-91,D02
-77,-80,-81,-94,-71,-69,-67,-92,D02
-75,-82,-76,-86,-72,-69,-69,-92,D02
-76,-84,-81,-89,-67,-72,-70,-91,D02
-76,-80,-76,-90,-70,-71,-67,-94,D02
-74,-81,-77,-92,-70,-72,-69,-93,D02
-75,-84,-75,-94,-73,-71,-67,-94,D02
-75,-83,-80,-86,-70,-70,-70,-93,D02
-75,-81,-77,-89,-65,-71,-69,-94,D02
-73,-80,-80,-88,-70,-71,-72,-91,D02
-74,-81,-81,-86,-67,-70,-71,-91,D02
-74,-82,-76,-89,-69,-73,-68,-96,D02
-74,-83,-76,-89,-70,-72,-67,-90,D02
-72,-85,-78,-84,-70,-71,-70,-91,D02
-75,-81,-78,-86,-71,-71,-69,-91,D02
-78,-81,-77,-89,-66,-72,-69,-94,D02
-76,-85,-79,-87,-72,-73,-73,-96,D02
-79,-81,-76,0,-67,-73,-70,0,D02
-84,-84,-81,-87,-73,-80,-70,-85,D03
-82,-82,-89,-88,-77,-86,-67,-89,D03
-73,-83,-83,-85,-67,-81,-69,-86,D03
-72,-85,-75,-87,-72,-79,-78,-87,D03
-82,-74,-73,-86,-75,-84,-73,-86,D03
-84,-76,-74,-88,-82,-86,-72,-87,D03
-88,-79,-77,-87,-72,-84,-72,-83,D03
-88,-78,-74,-89,-73,-83,-73,-86,D03
-83,-77,-76,-88,-78,-82,-70,-85,D03
-81,-74,-72,-85,-74,-81,-70,-84,D03
-86,-80,-81,-86,-70,-84,-72,-83,D03
-88,-79,-74,-84,-75,-89,-71,-86,D03
-84,-77,-74,-86,-79,-88,-82,-84,D03
-80,-78,-77,-83,-70,-85,-74,-86,D03
-73,-77,-70,-84,-67,-88,-77,-86,D03
-75,-81,-71,-89,-63,-90,-78,-83,D03
-78,-81,-71,-88,-62,-93,-75,-82,D03
-77,-83,-72,-86,-65,-93,-70,-87,D03
-76,-81,-75,-87,-65,-89,-69,-85,D03
-76,-81,-75,-90,-65,-89,-70,-88,D03
-76,-80,-75,-90,-64,-89,-71,-90,D03
-78,-81,-73,-87,-63,-90,-70,-91,D03
-78,-80,-73,-87,-63,-89,-70,-85,D03
-75,-79,-72,-91,-64,-90,-72,-83,D03
-76,-79,-73,-89,-65,-95,-73,-82,D03
-76,-78,-74,-89,-64,-93,-72,-85,D03
-75,-79,-73,-88,-65,-96,-73,-90,D03
-76,-79,-74,-89,-65,-90,-77,-84,D03
-78,-81,-72,-87,-65,-93,-75,-84,D03
-75,-79,-75,-86,-64,-92,-71,-83,D03
-76,-81,-75,-87,-64,-93,-73,-83,D03
-77,-80,-75,-88,-63,-94,-69,-84,D03
-79,-74,-67,-84,-65,-84,-65,-83,D04
-71,-81,-67,-88,-61,-90,-66,-83,D04
-77,-79,-67,-89,-63,-87,-66,-84,D04
-75,-75,-69,-87,-64,-88,-61,-87,D04
-77,-76,-68,-87,-65,-91,-65,-79,D04
-75,-76,-69,-87,-65,-88,-66,-80,D04
-76,-76,-69,-86,-61,-87,-64,-87,D04
-74,-76,-73,-86,-65,-87,-65,-83,D04
-74,-79,-67,-92,-66,-83,-61,-81,D04
-79,-79,-70,-88,-67,-89,-65,-78,D04
-76,-76,-77,-92,-68,-83,-64,-82,D04
-73,-82,-71,-86,-71,-88,-67,-82,D04
-72,-85,-82,-87,-63,-84,-69,-79,D04
-78,-77,-72,-96,-60,-81,-64,-77,D04
-80,-77,-67,-88,-66,-83,-68,-76,D04
-79,-73,-79,-88,-64,-89,-72,-77,D04
-72,-75,-77,-89,-60,-86,-64,-86,D04
-78,-77,-70,-88,-62,-91,-65,-88,D04
-74,-75,-82,-87,-61,-86,-67,-86,D04
-73,-76,-77,-85,-61,-85,-65,-80,D04
-72,-76,-72,-90,-60,-84,-66,-81,D04
-73,-73,-82,-86,-60,-83,-61,-81,D04
-81,-76,-74,-87,-60,-83,-64,-85,D04
-74,-77,-78,-92,-65,-89,-64,-83,D04
-71,-80,-82,-88,-59,-91,-62,-81,D04
-72,-77,-80,-88,-63,-81,-62,-81,D04
-69,-76,-82,-86,-62,-87,-63,-76,D04
-77,-74,-88,-86,-64,-85,-63,-81,D04
-75,-76,-85,-87,-63,-83,-63,-80,D04
-79,-77,-75,-87,-64,-83,-64,-76,D04
-74,-76,-75,-85,-62,-88,-67,-80,D04
-75,-76,0,-87,-61,-81,-64,-79,D04
-67,-81,-66,-83,-76,-82,-71,-82,D05
-67,-80,-62,-81,-71,-80,-69,-84,D05
-67,-79,-67,-81,-71,-79,-70,-83,D05
-69,-80,-68,-81,-70,-80,-70,-84,D05
-69,-80,-70,-81,-71,-82,-70,-84,D05
-68,-78,-67,-81,-70,-85,-70,-84,D05
-69,-77,-66,-80,-74,-85,-71,-84,D05
-67,-80,-64,-80,-70,-82,-70,-84,D05
-67,-80,-67,-82,-68,-77,-71,-84,D05
-68,-78,-67,-83,-70,-80,-71,-85,D05
-64,-79,-66,-82,-72,-80,-73,-84,D05
-70,-79,-68,-80,-69,-83,-72,-85,D05
-67,-78,-67,-79,-71,-84,-68,-84,D05
-70,-81,-67,-81,-66,-83,-70,-83,D05
-68,-76,-69,-81,-67,-81,-69,-83,D05
-69,-80,-64,-78,-69,-83,-71,-83,D05
-69,-81,-67,-80,-67,-84,-70,-84,D05
-69,-80,-65,-79,-66,-80,-72,-84,D05
-69,-80,-67,-78,-68,-80,-70,-83,D05
-68,-80,-69,-80,-66,-79,-71,-83,D05
-69,-80,-67,-78,-67,-83,-71,-84,D05
-69,-78,-67,-82,-70,-79,-69,-83,D05
-68,-79,-64,-81,-68,-84,-71,-83,D05
-68,-78,-68,-80,-68,-81,-70,-83,D05
-69,-79,-65,-80,-65,-77,-70,-84,D05
-69,-79,-67,-80,-67,-81,-70,-84,D05
-69,-80,-69,-80,-65,-79,-70,-85,D05
-67,-81,-68,-79,-67,-81,-71,-84,D05
-69,-80,-67,-79,-67,-84,-71,-86,D05
-69,-80,-67,-78,-67,-80,-69,-82,D05
-69,-79,-68,-79,-69,-82,-68,-85,D05
-68,-80,-68,-81,-67,-80,-70,-86,D05
-69,-80,-68,-79,-67,-81,-70,-84,D05
-63,-80,-69,-88,-82,-94,-72,-84,D06
-66,-78,-68,-93,-77,-92,-72,-81,D06
-62,-78,-67,-93,-71,-89,-72,-79,D06
-62,-77,-68,-88,-69,-91,-73,-81,D06
-64,-78,-68,-93,-69,-91,-73,-81,D06
-64,-77,-67,-88,-68,-92,-71,-81,D06
-63,-78,-70,-89,-68,-90,-72,-82,D06
-63,-79,-67,-90,-68,-88,-75,-80,D06
-63,-79,-69,-90,-68,-91,-74,-82,D06
-63,-80,-67,-90,-67,-87,-72,-82,D06
-64,-77,-67,-90,-68,-90,-74,-82,D06
-64,-78,-68,-87,-69,-91,-72,-81,D06
-62,-80,-67,-90,-67,-92,-74,-79,D06
-64,-80,-68,-88,-68,-94,-73,-82,D06
-65,-80,-67,-89,-68,-91,-73,-82,D06
-63,-79,-67,-91,-67,-88,-73,-82,D06
-64,-79,-67,-89,-66,-91,-75,-82,D06
-62,-79,-67,-89,-66,-91,-72,-81,D06
-64,-79,-67,-89,-69,-93,-71,-81,D06
-64,-80,-67,-94,-68,-87,-71,-83,D06
-62,-79,-68,-92,-70,-89,-72,-82,D06
-63,-80,-68,-92,-70,-91,-72,-81,D06
-65,-78,-67,-90,-64,-90,-72,-81,D06
-67,-84,-69,-91,-68,-88,-73,-81,D06
-67,-82,-68,-94,-76,-89,-71,-80,D06
-65,-79,-66,-90,-73,-88,-72,-81,D06
-64,-78,-68,-91,-70,-92,-72,-82,D06
-65,-78,-68,-91,-69,-90,-71,-81,D06
-64,-79,-69,-90,-72,-90,-72,-82,D06
-63,-79,-68,-89,-70,-89,-73,-82,D06
-65,-80,-66,-87,-69,-84,-71,-81,D06
-62,-78,-68,-92,-68,0,-72,-82,D06
-71,-83,-77,-84,-67,-88,-67,-88,D07
-67,-89,-73,-85,-66,-88,-71,-89,D07
-62,-83,-71,-84,-73,-89,-71,-89,D07
-62,-88,-73,-84,-75,-88,-73,-86,D07
-64,-86,-72,-84,-75,-86,-70,-85,D07
-62,-88,-74,-84,-72,-89,-70,-86,D07
-63,-86,-73,-84,-75,-87,-71,-85,D07
-63,-87,-75,-83,-75,-87,-71,-85,D07
-64,-88,-74,-86,-73,-89,-71,-84,D07
-62,-87,-72,-83,-74,-88,-71,-86,D07
-63,-92,-73,-84,-74,-91,-70,-84,D07
-63,-88,-74,-80,-74,-88,-71,-86,D07
-63,-89,-73,-82,-76,-88,-70,-84,D07
-66,-89,-73,-83,-71,-90,-71,-85,D07
-62,-87,-74,-82,-76,-87,-71,-83,D07
-64,-85,-74,-84,-74,-90,-69,-87,D07
-64,-88,-73,-84,-75,-87,-69,-85,D07
-64,-87,-73,-82,-70,-87,-71,-86,D07
-63,-87,-73,-83,-73,-89,-70,-82,D07
-64,-84,-74,-83,-73,-88,-72,-85,D07
-61,-88,-73,-84,-73,-89,-71,-86,D07
-65,-88,-74,-85,-73,-88,-71,-86,D07
-62,-86,-74,-83,-73,-88,-72,-86,D07
-64,-86,-73,-82,-72,-88,-71,-86,D07
-62,-87,-74,-84,-73,-88,-70,-85,D07
-62,-88,-73,-84,-73,-89,-71,-86,D07
-64,-88,-73,-82,-72,-88,-72,-84,D07
-64,-87,-74,-85,-71,-89,-71,-86,D07
-63,-87,-75,-83,-74,-87,-67,-87,D07
-64,-88,-74,-83,-73,-88,-71,-86,D07
-64,-88,-74,-84,-72,-88,-73,-86,D07
-63,-88,-74,-84,-74,-89,-71,-89,D07
-64,-90,-73,-85,-70,0,-71,-92,D07
-61,-73,-69,-86,-75,-84,-84,-83,D08
-61,-75,-71,-85,-76,-85,-83,-82,D08
-61,-75,-69,-88,-76,-85,-84,-85,D08
-61,-74,-69,-86,-76,-87,-84,-84,D08
-60,-75,-70,-87,-76,-86,-83,-84,D08
-60,-75,-70,-86,-76,-86,-84,-85,D08
-60,-75,-68,-86,-76,-86,-84,-85,D08
-60,-74,-70,-86,-78,-83,-87,-84,D08
-60,-73,-70,-87,-77,-83,-85,-82,D08
-61,-75,-69,-87,-77,-87,-84,-83,D08
-61,-73,-69,-86,-77,-86,-82,-84,D08
-60,-76,-69,-86,-76,-87,-86,-84,D08
-61,-73,-69,-87,-74,-86,-83,-84,D08
-60,-75,-70,-85,-77,-86,-84,-82,D08
-60,-74,-71,-88,-77,-87,-81,-84,D08
-60,-76,-69,-88,-78,-84,-82,-82,D08
-60,-72,-70,-89,-78,-86,-85,-82,D08
-60,-73,-71,-88,-77,-86,-86,-82,D08
-60,-76,-69,-88,-78,-87,-83,-85,D08
-60,-74,-69,-86,-76,-85,-91,-84,D08
-62,-76,-71,-86,-75,-86,-85,-83,D08
-60,-73,-70,-88,-78,-88,-85,-82,D08
-60,-75,-72,-87,-73,-93,-77,-84,D08
-61,-76,-71,-86,-74,-87,-82,-87,D08
-62,-74,-67,-90,-79,-88,-89,-86,D08
-60,-72,-70,-88,-79,-84,-90,-83,D08
-58,-76,-68,-89,-77,-88,-84,-88,D08
-61,-81,-69,-85,-81,-89,-80,-89,D08
-59,-75,-71,-88,-73,-85,-83,-85,D08
-59,-76,-69,-86,-77,-87,-82,-84,D08
-61,-74,-70,-89,-77,-86,-85,-86,D08
-60,-73,-68,-88,-76,-87,-82,-85,D08
-76,-78,-76,-92,-62,-76,-73,-88,E00
-74,-80,-77,-91,-62,-75,-74,-87,E00
-78,-78,-76,-93,-62,-77,-75,-85,E00
-73,-80,-77,-95,-62,-77,-75,-85,E00
-77,-78,-77,-92,-60,-77,-77,-87,E00
-74,-79,-77,-92,-58,-75,-77,-86,E00
-76,-77,-76,-94,-61,-77,-73,-87,E00
-76,-86,-76,-95,-60,-75,-76,-87,E00
-76,-78,-74,-94,-62,-76,-78,-87,E00
-76,-78,-77,-92,-61,-76,-73,-86,E00
-72,-77,-76,-92,-62,-78,-77,-88,E00
-76,-80,-75,-95,-61,-75,-69,-87,E00
-76,-78,-75,-93,-61,-76,-75,-87,E00
-75,-82,-76,-91,-61,-76,-74,-87,E00
-75,-79,-79,-92,-60,-75,-76,-86,E00
-76,-77,-76,-92,-61,-78,-76,-85,E00
-72,-79,-77,-91,-62,-76,-77,-86,E00
-76,-78,-76,-93,-61,-76,-74,-87,E00
-76,-79,-77,-92,-62,-78,-73,-87,E00
-76,-79,-77,-92,-61,-76,-76,-86,E00
-76,-77,-76,-92,-62,-76,-78,-87,E00
-77,-78,-77,-91,-62,-77,-73,-88,E00
-76,-78,-77,-93,-56,-77,-71,-86,E00
-74,-78,-76,-94,-61,-77,-76,-87,E00
-75,-77,-76,-93,-61,-78,-74,-85,E00
-76,-78,-77,-93,-62,-75,-76,-87,E00
-76,-77,-77,-94,-61,-77,-77,-86,E00
-76,-77,-76,-93,-61,-78,-75,-87,E00
-77,-75,-77,-88,-63,-77,-73,-88,E00
-78,-77,-77,-91,-63,-78,-77,-89,E00
-80,-76,-79,-95,-63,-77,-77,-88,E00
-82,-78,-79,-92,-64,-76,-76,0,E00
-74,-91,-76,-92,-63,-72,-80,-87,E01
-74,-94,-75,-91,-65,-72,-79,-89,E01
-73,-93,-73,-91,-60,-72,-73,-90,E01
-75,-93,-71,-89,-63,-75,-76,-93,E01
-74,-94,-73,-90,-64,-74,-76,-91,E01
-77,-94,-73,-94,-63,-73,-78,-89,E01
-76,-93,-73,-90,-63,-69,-77,-89,E01
-73,-92,-77,-93,-63,-72,-80,-92,E01
-78,-93,-72,-88,-62,-70,-79,-89,E01
-72,-92,-75,-92,-65,-71,-78,-92,E01
-71,-95,-72,-92,-60,-71,-76,-89,E01
-74,-91,-73,-90,-65,-65,-75,-88,E01
-75,-90,-71,-91,-67,-72,-78,-94,E01
-72,-90,-74,-86,-60,-70,-78,-89,E01
-72,-94,-72,-88,-64,-72,-82,-89,E01
-73,-94,-69,-89,-64,-70,-76,-89,E01
-73,-89,-72,-87,-62,-73,-81,-85,E01
-72,-90,-72,-89,-64,-73,-78,-87,E01
-74,-94,-73,-87,-62,-69,-80,-88,E01
-74,-92,-73,-92,-64,-70,-80,-89,E01
-75,-92,-72,-90,-61,-72,-79,-88,E01
-72,-94,-74,-92,-68,-73,-80,-90,E01
-72,-95,-71,-92,-64,-72,-78,-88,E01
-73,-96,-73,-91,-66,-69,-76,-88,E01
-72,-93,-73,-90,-66,-71,-75,-92,E01
-72,-92,-75,-90,-65,-70,-76,-95,E01
-71,-93,-74,-91,-63,-72,-76,-90,E01
-70,-92,-75,-93,-63,-73,-76,-91,E01
-72,-93,-76,-89,-64,-70,-76,-95,E01
-71,-94,-75,-90,-70,-70,-76,0,E01
-71,-90,-74,-92,-68,-70,-73,0,E01
-73,-94,-77,-91,-63,-67,-72,0,E01
-80,-90,-75,-90,-61,-79,-78,-88,E02
-80,-78,-73,-90,-60,-76,-81,-89,E02
-93,-85,-71,-92,-67,-80,-78,-85,E02
-84,-88,-74,-91,-62,-77,-81,-89,E02
-79,-82,-71,-91,-61,-79,-80,-94,E02
-81,-85,-71,-92,-61,-81,-78,-91,E02
-82,-84,-73,-91,-62,-79,-80,-92,E02
-83,-84,-72,-91,-62,-79,-80,-91,E02
-82,-84,-73,-92,-60,-79,-80,-90,E02
-82,-83,-72,-91,-63,-80,-80,-91,E02
-83,-85,-72,-91,-63,-80,-83,-90,E02
-81,-82,-72,-92,-62,-79,-84,-92,E02
-78,-81,-73,-94,-63,-79,-84,-90,E02
-80,-82,-73,-91,-63,-81,-85,-90,E02
-80,-82,-73,-92,-63,-79,-83,-90,E02
-80,-81,-73,-91,-62,-81,-84,-90,E02
-80,-83,-73,-91,-61,-80,-88,-90,E02
-80,-84,-74,-89,-60,-79,-83,-88,E02
-80,-86,-72,-90,-61,-79,-81,-92,E02
-77,-81,-72,-90,-63,-77,-83,-92,E02
-81,-83,-73,-90,-61,-78,-84,-91,E02
-84,-84,-72,-90,-62,-79,-86,-90,E02
-77,-83,-74,-91,-59,-79,-83,-94,E02
-80,-84,-70,-88,-64,-81,-88,-89,E02
-87,-82,-75,-84,-61,-77,-80,-89,E02
-84,-87,-75,-89,-63,-80,-86,-90,E02
-81,-86,-71,-87,-75,-79,-91,-93,E02
-78,-88,-76,-85,-74,-82,-78,-92,E02
-81,-90,-75,-88,-69,-78,-79,-92,E02
-82,-87,-74,-86,-68,-83,-77,-92,E02
-81,-84,-74,-86,-68,-84,-80,-91,E02
-81,-83,-71,-90,-69,-82,-82,-90,E02
-80,-90,-80,-87,-50,-92,-68,-93,E03
-77,-85,-77,-85,-50,-83,-67,-87,E03
-77,-84,-74,-83,-50,-86,-70,-90,E03
-80,-84,-77,-83,-50,-85,-68,-88,E03
-80,-83,-76,-86,-50,-87,-69,-90,E03
-84,-83,-76,-85,-54,-87,-69,-89,E03
-79,-82,-76,-84,-53,-86,-69,-88,E03
-78,-83,-76,-87,-54,-87,-68,-89,E03
-83,-83,-76,-87,-54,-82,-67,-87,E03
-79,-87,-75,-85,-52,-85,-67,-87,E03
-74,-87,-76,-87,-53,-86,-70,-92,E03
-75,-82,-75,-87,-53,-85,-68,-91,E03
-77,-85,-76,-85,-54,-87,-68,-93,E03
-75,-83,-75,-88,-54,-85,-67,-90,E03
-74,-83,-73,-85,-53,-91,-70,-88,E03
-80,-80,-74,-88,-53,-85,-70,-91,E03
-73,-83,-80,-87,-54,-86,-67,-87,E03
-76,-82,-78,-85,-54,-88,-68,-87,E03
-75,-81,-75,-86,-53,-88,-67,-90,E03
-81,-80,-79,-83,-54,-89,-67,-93,E03
-83,-84,-76,-85,-53,-87,-69,-87,E03
-77,-81,-76,-86,-58,-94,-69,-88,E03
-78,-85,-77,-86,-63,-87,-70,-90,E03
-78,-84,-78,-87,-68,-89,-71,-90,E03
-79,-83,-79,-85,-53,-86,-69,-90,E03
-84,-83,-77,-87,-63,-89,-68,-91,E03
-83,-83,-78,-89,-67,-87,-68,-89,E03
-84,-88,-79,-90,-66,-91,-69,-86,E03
-82,-83,-79,-86,-67,-90,-72,-89,E03
-78,-83,-77,-87,-65,-91,-68,-91,E03
-80,-81,-79,-86,-61,-89,-70,-90,E03
-80,-82,-78,-86,-62,-88,-70,0,E03
-73,-84,-70,-95,-62,-94,-67,-81,E04
-76,-79,-71,-91,-60,-91,-69,-79,E04
-76,-80,-71,-85,-60,-90,-66,-79,E04
-72,-80,-72,-89,-61,-90,-66,-78,E04
-71,-79,-68,-89,-63,-92,-69,-79,E04
-67,-81,-71,-88,-66,-94,-64,-80,E04
-73,-79,-70,-89,-65,-93,-68,-80,E04
-74,-80,-70,-87,-67,-94,-65,-79,E04
-78,-77,-70,-83,-67,-93,-66,-82,E04
-73,-77,-70,-86,-64,-94,-66,-84,E04
-75,-77,-70,-91,-69,-94,-68,-78,E04
-75,-78,-71,-85,-67,-90,-62,-78,E04
-76,-80,-72,-94,-64,-89,-64,-81,E04
-75,-80,-71,-93,-65,-89,-64,-80,E04
-76,-82,-71,-91,-64,-90,-63,-80,E04
-77,-80,-69,-90,-65,-87,-63,-78,E04
-81,-85,-69,-87,-65,-89,-61,-79,E04
-74,-78,-69,-94,-63,-93,-68,-78,E04
-76,-75,-70,-84,-69,-91,-70,-78,E04
-75,-78,-70,-89,-67,-91,-66,-82,E04
-75,-78,-68,-89,-65,-88,-69,-79,E04
-76,-77,-70,-85,-64,-89,-69,-80,E04
-76,-77,-70,-89,-66,-92,-70,-79,E04
-85,-76,-72,-83,-63,-91,-70,-80,E04
-81,-80,-69,-94,-64,-86,-64,-78,E04
-78,-76,-72,-86,-64,-93,-70,-81,E04
-77,-79,-71,-86,-68,-92,-68,-80,E04
-77,-80,-72,-90,-61,-89,-68,-79,E04
-75,-77,-69,-85,-62,-93,-70,-79,E04
-73,-80,-77,-88,-66,-94,-70,-80,E04
-71,-76,-81,-87,-65,-96,-69,-79,E04
-73,-84,-76,-84,-66,-86,-68,-82,E04
-84,-83,-69,-76,-61,-87,-78,-84,E05
-76,-94,-74,-78,-64,-85,-85,-80,E05
-78,-89,-71,-78,-61,-87,-77,-87,E05
-79,-89,-70,-77,-62,-87,-77,-85,E05
-84,-92,-69,-78,-61,-89,-73,-85,E05
-72,-90,-72,-79,-62,-92,-78,-87,E05
-80,-89,-70,-80,-61,-94,-74,-83,E05
-73,-90,-70,-78,-61,-93,-76,-88,E05
-67,-88,-72,-79,-63,-93,-78,-85,E05
-79,-90,-69,-79,-61,-90,-75,-85,E05
-81,-87,-71,-77,-63,-91,-75,-84,E05
-81,-87,-71,-78,-62,-89,-73,-87,E05
-82,-86,-71,-77,-63,-91,-73,-83,E05
-85,-90,-73,-79,-64,-91,-74,-83,E05
-84,-91,-70,-78,-64,-93,-72,-87,E05
-79,-89,-70,-78,-62,-93,-72,-84,E05
-76,-90,-70,-78,-65,-93,-72,-82,E05
-80,-85,-69,-78,-64,-94,-70,-81,E05
-77,-82,-70,-78,-62,-93,-70,-85,E05
-77,-91,-71,-78,-63,-92,-74,-87,E05
-75,-85,-69,-80,-62,-92,-74,-86,E05
-76,-84,-69,-80,-63,-90,-73,-89,E05
-81,-85,-71,-79,-64,-90,-70,-87,E05
-79,-87,-69,-79,-62,-93,-71,-90,E05
-78,-88,-68,-79,-67,-91,-74,-82,E05
-78,-91,-70,-78,-67,-92,-74,-83,E05
-79,-90,-70,-78,-64,-93,-75,-83,E05
-76,-89,-69,-80,-62,-91,-75,-86,E05
-76,-90,-69,-79,-63,-92,-74,-82,E05
-75,-88,-72,-80,-61,-87,-74,-88,E05
-77,-93,-70,-78,-63,-89,-74,-86,E05
-78,-89,-68,-77,-63,-89,-70,0,E05
-67,-87,-73,-89,-69,-89,-74,-83,E06
-65,-80,-76,-92,-71,-91,-74,-84,E06
-73,-80,-77,-87,-74,-87,-75,-83,E06
-73,-83,-77,-86,-74,-88,-73,-85,E06
-76,-80,-75,-89,-71,-89,-74,-82,E06
-68,-80,-79,-88,-75,-87,-76,-84,E06
-74,-83,-73,-88,-78,-91,-74,-83,E06
-81,-84,-78,-85,-79,-89,-73,-81,E06
-73,-89,-78,-91,-76,-89,-75,-87,E06
-71,-82,-78,-88,-76,-89,-73,-84,E06
-70,-84,-77,-89,-81,-89,-72,-85,E06
-70,-82,-79,-92,-78,-89,-76,-85,E06
-71,-82,-75,-90,-80,-93,-72,-84,E06
-69,-81,-77,-93,-77,-86,-73,-85,E06
-71,-81,-84,-91,-79,-90,-72,-85,E06
-70,-81,-76,-91,-78,-87,-74,-85,E06
-70,-81,-76,-93,-79,-89,-74,-86,E06
-70,-84,-77,-91,-80,-90,-73,-88,E06
-70,-82,-78,-93,-76,-89,-72,-85,E06
-70,-83,-78,-91,-77,-90,-74,-86,E06
-73,-81,-82,-91,-74,-91,-74,-84,E06
-70,-80,-78,-92,-75,-90,-73,-86,E06
-70,-81,-78,-88,-75,-90,-71,-85,E06
-70,-83,-79,-90,-72,-92,-73,-85,E06
-72,-82,-75,-88,-69,-90,-73,-84,E06
-68,-81,-79,-92,-71,-89,-74,-84,E06
-70,-83,-80,-93,-70,-90,-73,-83,E06
-73,-80,-79,-91,-76,-90,-71,-86,E06
-73,-82,-78,-89,-72,-90,-71,-85,E06
-75,-81,-78,-91,-74,-88,-73,-88,E06
-75,-85,-77,-91,-70,-91,-72,-91,E06
-70,-82,-76,-88,-71,-92,-74,-84,E06
-53,-86,-73,-92,-71,-85,-78,-85,E07
-55,-87,-76,-86,-70,-90,-75,-92,E07
-54,-88,-74,-91,-74,-92,-76,-92,E07
-54,-87,-76,-85,-70,-91,-71,-92,E07
-54,-87,-78,-83,-71,-90,-74,-89,E07
-55,-86,-77,-84,-72,-87,-74,-92,E07
-55,-87,-78,-84,-73,-89,-74,-88,E07
-55,-90,-78,-85,-73,-90,-74,-88,E07
-54,-87,-76,-84,-73,-88,-73,-90,E07
-54,-88,-76,-84,-69,-89,-74,-88,E07
-54,-85,-78,-85,-71,-88,-74,-89,E07
-55,-83,-78,-84,-74,-91,-74,-89,E07
-55,-86,-78,-86,-74,-88,-74,-88,E07
-55,-87,-78,-83,-72,-86,-74,-90,E07
-55,-88,-79,-84,-71,-88,-74,-90,E07
-56,-89,-78,-84,-70,-85,-75,-85,E07
-55,-87,-78,-82,-73,-83,-73,-87,E07
-55,-87,-78,-85,-75,-91,-74,-87,E07
-55,-87,-76,-84,-72,-88,-72,-91,E07
-55,-89,-77,-83,-72,-89,-76,-84,E07
-54,-89,-78,-85,-72,-89,-70,-88,E07
-54,-87,-79,-83,-70,-91,-73,-89,E07
-55,-91,-77,-86,-73,-88,-73,-91,E07
-56,-89,-79,-85,-78,-87,-77,-91,E07
-55,-90,-80,-86,-70,-87,-75,-91,E07
-53,-90,-74,-87,-73,-84,-76,-92,E07
-55,-88,-78,-85,-70,-82,-74,-90,E07
-54,-94,-82,-85,-69,-87,-75,-90,E07
-55,-89,-76,-85,-73,-85,-75,-95,E07
-58,-87,-72,-83,-67,-83,-74,-88,E07
-58,-88,-71,-85,-77,-86,-76,-83,E07
-56,-87,-76,-87,-66,-85,-81,-78,E07
-51,-85,-68,-93,-69,-93,-78,-84,E08
-51,-94,-68,-89,-71,-87,-77,-89,E08
-53,-86,-68,-87,-71,-88,-76,-89,E08
-52,-87,-66,-90,-68,-91,-77,-82,E08
-50,-86,-67,-84,-66,-89,-78,-85,E08
-51,-80,-66,-88,-66,-89,-77,-82,E08
-51,-84,-66,-88,-70,-91,-79,-80,E08
-51,-87,-67,-90,-69,-91,-79,-83,E08
-51,-85,-65,-87,-67,-88,-79,-85,E08
-53,-85,-67,-90,-66,-90,-78,-85,E08
-52,-81,-67,-89,-66,-88,-77,-85,E08
-51,-85,-66,-90,-63,-87,-77,-84,E08
-51,-84,-66,-88,-67,-89,-76,-85,E08
-51,-84,-66,-89,-67,-88,-77,-88,E08
-50,-84,-67,-90,-67,-89,-78,-82,E08
-51,-84,-66,-89,-67,-89,-77,-85,E08
-51,-84,-65,-88,-67,-91,-78,-84,E08
-51,-85,-67,-87,-66,-89,-79,-88,E08
-51,-83,-66,-90,-67,-88,-79,-84,E08
-51,-86,-67,-89,-67,-87,-80,-88,E08
-50,-84,-65,-90,-67,-86,-75,-89,E08
-51,-85,-67,-88,-65,-92,-77,-87,E08
-50,-84,-67,-90,-68,-88,-79,-80,E08
-51,-83,-67,-87,-67,-86,-76,-82,E08
-51,-85,-65,-87,-67,-89,-80,-83,E08
-52,-85,-66,-87,-68,-85,-78,-80,E08
-52,-87,-67,-89,-66,-87,-77,-82,E08
-92,-81,-68,-86,-67,-88,-78,-83,E08
-51,-84,-65,-86,-68,-84,-77,-81,E08
-52,-84,-65,-85,-68,-83,-78,-84,E08
-52,-88,-67,-88,-66,0,-77,-86,E08
-52,-88,-67,-87,-68,0,-77,-87,E08
-80,-91,-73,-89,-64,-80,-82,-86,F00
-78,-91,-76,-94,-64,-80,-80,-85,F00
-79,-91,-74,-92,-65,-81,-81,-85,F00
-80,-90,-76,-92,-66,-80,-81,-87,F00
-77,-92,-75,-91,-64,-80,-80,-85,F00
-76,-92,-75,-92,-64,-81,-77,-87,F00
-79,-91,-75,-91,-66,-82,-80,-86,F00
-80,-93,-75,-90,-66,-75,-80,-85,F00
-79,-93,-76,-91,-74,-81,-82,-86,F00
-78,-90,-75,-88,-63,-84,-78,-85,F00
-78,-91,-76,-91,-65,-80,-75,-84,F00
-79,-89,-73,-91,-68,-79,-79,-86,F00
-80,-86,-75,-91,-64,-77,-84,-83,F00
-86,-94,-74,-95,-65,-84,-79,-85,F00
-78,-88,-78,-92,-69,-84,-85,-84,F00
-78,-90,-73,-92,-66,-87,-83,-85,F00
-82,-89,-74,-91,-65,-79,-84,-86,F00
-80,-86,-75,-93,-61,-86,-79,-87,F00
-86,-87,-73,-91,-64,-81,-79,-88,F00
-83,-86,-73,-92,-64,-86,-76,-84,F00
-84,-87,-74,-91,-63,-80,-77,-87,F00
-80,-86,-73,-94,-64,-86,-76,-86,F00
-81,-88,-76,-92,-66,-87,-77,-86,F00
-81,-90,-74,-92,-65,-88,-79,-87,F00
-82,-91,-73,-94,-64,-88,-79,-86,F00
-82,-91,-74,-92,-64,-86,-78,-86,F00
-79,-93,-75,-92,-66,-89,-85,-86,F00
-76,-92,-75,-90,-69,-85,-82,-87,F00
-81,-86,-77,-93,-66,-86,-84,-86,F00
-80,-93,-73,-90,-66,-83,-81,-85,F00
-81,-88,-75,-90,-67,-81,-80,-86,F00
-80,-91,-76,-91,-64,-78,-79,-85,F00
-75,-84,-76,-94,-63,-76,-81,-87,F01
-76,-86,-79,-92,-63,-78,-79,-87,F01
-77,-83,-77,-93,-63,-77,-81,-87,F01
-76,-85,-73,-91,-66,-79,-82,-86,F01
-76,-84,-75,-90,-63,-77,-84,-88,F01
-75,-84,-80,-89,-64,-81,-85,-89,F01
-80,-83,-81,-88,-62,-79,-76,-85,F01
-75,-90,-75,-84,-61,-77,-82,-86,F01
-75,-83,-79,-91,-64,-77,-81,-84,F01
-74,-83,-79,-91,-64,-79,-84,-86,F01
-79,-82,-77,-91,-63,-78,-86,-86,F01
-76,-84,-78,-92,-64,-76,-79,-87,F01
-76,-84,-78,-91,-63,-80,-82,-89,F01
-77,-85,-79,-92,-63,-78,-82,-90,F01
-75,-84,-77,-92,-64,-78,-81,-88,F01
-74,-88,-78,-92,-64,-79,-82,-88,F01
-75,-85,-72,-92,-64,-75,-79,-88,F01
-75,-83,-78,-92,-63,-78,-82,-88,F01
-76,-84,-77,-89,-63,-77,-84,-86,F01
-74,-86,-77,-90,-63,-79,-82,-87,F01
-75,-84,-75,-91,-63,-83,-82,-85,F01
-74,-85,-78,-86,-65,-78,-82,-85,F01
-75,-85,-75,-90,-64,-77,-83,-86,F01
-74,-84,-78,-90,-64,-79,-83,-85,F01
-76,-85,-77,-90,-64,-77,-83,-82,F01
-75,-84,-76,-90,-64,-78,-82,-86,F01
-75,-83,-75,-93,-64,-77,-83,-86,F01
-73,-83,-77,-92,-64,-78,-82,-86,F01
-75,-84,-77,-94,-64,-78,-81,-87,F01
-76,-84,-77,-92,-65,-74,-82,-87,F01
-76,-85,-77,-80,-63,-77,-82,0,F01
-76,-84,-78,-80,-63,-78,-81,0,F01
-72,-87,-79,-80,-55,-84,-84,-81,F02
-76,-87,-85,-75,-56,-81,-78,-80,F02
-81,-91,-89,-78,-56,-83,-83,-78,F02
-79,-93,-83,-78,-57,-82,-79,-81,F02
-78,-92,-87,-80,-56,-82,-80,-82,F02
-76,-90,-84,-77,-56,-82,-77,-79,F02
-78,-90,-84,-78,-56,-82,-82,-86,F02
-77,-90,-84,-80,-56,-81,-77,-81,F02
-77,-91,-87,-79,-55,-81,-82,-82,F02
-77,-92,-82,-82,-56,-81,-79,-81,F02
-77,-92,-86,-80,-56,-82,-80,-81,F02
-78,-91,-89,-79,-55,-81,-81,-81,F02
-77,-91,-89,-80,-58,-81,-81,-82,F02
-77,-91,-89,-79,-55,-82,-82,-81,F02
-78,-90,-91,-81,-55,-81,-80,-81,F02
-79,-93,-88,-78,-55,-79,-81,-82,F02
-79,-91,-85,-79,-57,-89,-89,-83,F02
-77,-91,-81,-83,-55,-81,-83,-87,F02
-77,-91,-85,-79,-57,-82,-82,-75,F02
-76,-92,-87,-81,-58,-81,-84,-81,F02
-75,-92,-85,-76,-56,-83,-82,-78,F02
-74,-88,-82,-81,-56,-82,-82,-81,F02
-78,-92,-87,-79,-57,-82,-81,-80,F02
-75,-92,-87,-79,-56,-83,-81,-81,F02
-77,-90,-83,-78,-56,-82,-81,-81,F02
-78,-89,-89,-78,-56,-82,-79,-80,F02
-77,-92,-85,-78,-56,-81,-83,-80,F02
-76,-89,-81,-86,-56,-82,-80,-81,F02
-76,-93,-83,-79,-56,-81,-78,-77,F02
-80,-89,-81,-83,-56,-81,-81,-80,F02
-77,-93,-87,-75,-56,-83,-83,-79,F02
-88,-88,-88,-75,-58,-90,-76,0,F02
-79,-84,-73,-78,-50,-76,-79,-84,F03
-87,-89,-83,-79,-50,-77,-75,-87,F03
-82,-86,-74,-80,-51,-76,-74,-85,F03
-78,-91,-76,-82,-49,-76,-81,-87,F03
-82,-88,-75,-81,-50,-77,-77,-87,F03
-83,-84,-75,-80,-50,-78,-77,-86,F03
-84,-85,-74,-80,-50,-79,-74,-89,F03
-84,-84,-76,-80,-50,-78,-75,-88,F03
-82,-89,-73,-81,-50,-77,-77,-89,F03
-83,-88,-73,-79,-50,-78,-76,-86,F03
-81,-87,-75,-79,-50,-78,-72,-85,F03
-82,-81,-74,-82,-50,-76,-76,-87,F03
-83,-87,-74,-81,-50,-78,-75,-82,F03
-81,-89,-72,-79,-50,-85,-74,-86,F03
-82,-82,-78,-81,-50,-80,-77,-90,F03
-81,-84,-75,-81,-50,-79,-79,-88,F03
-83,-84,-72,-79,-50,-78,-85,-84,F03
-79,-80,-75,-79,-51,-79,-85,-86,F03
-81,-80,-74,-79,-51,-79,-86,-85,F03
-80,-83,-73,-78,-50,-79,-83,-87,F03
-79,-84,-75,-86,-50,-75,-78,-87,F03
-77,-83,-77,-79,-51,-77,-80,-90,F03
-81,-82,-75,-80,-50,-79,-76,-87,F03
-82,-86,-76,-82,-50,-79,-78,-86,F03
-80,-87,-76,-80,-50,-80,-77,-88,F03
-80,-84,-76,-83,-51,-78,-77,-88,F03
-81,-84,-75,-81,-51,-79,-76,-89,F03
-79,-85,-73,-80,-50,-78,-77,-89,F03
-80,-85,-72,-81,-50,-78,-76,-88,F03
-81,-84,-75,-80,-50,-78,-74,-85,F03
-78,-86,-74,-80,-50,-76,-76,-87,F03
-76,-80,-76,-82,-50,-79,-75,-90,F03
-69,-83,-74,-77,-67,-80,-71,-78,F04
-70,-82,-72,-75,-63,-75,-70,-82,F04
-67,-78,-70,-76,-65,-74,-71,-79,F04
-73,-78,-71,-76,-67,-74,-69,-80,F04
-68,-78,-73,-78,-62,-75,-71,-78,F04
-71,-79,-70,-76,-67,-72,-70,-88,F04
-70,-77,-70,-74,-68,-73,-69,-82,F04
-69,-79,-70,-75,-65,-74,-68,-79,F04
-70,-78,-71,-75,-65,-73,-70,-80,F04
-71,-79,-70,-76,-65,-74,-71,-79,F04
-71,-75,-70,-76,-66,-75,-71,-80,F04
-72,-77,-70,-76,-66,-70,-69,-79,F04
-70,-77,-71,-76,-68,-75,-75,-79,F04
-71,-77,-71,-76,-66,-74,-70,-79,F04
-71,-77,-69,-76,-68,-74,-71,-79,F04
-69,-78,-72,-76,-64,-75,-72,-78,F04
-75,-77,-70,-75,-66,-75,-72,-79,F04
-66,-77,-72,-77,-66,-76,-72,-79,F04
-71,-79,-71,-75,-67,-74,-70,-79,F04
-70,-79,-72,-76,-66,-80,-69,-79,F04
-70,-79,-72,-76,-65,-75,-70,-80,F04
-71,-79,-72,-75,-66,-74,-71,-79,F04
-71,-78,-71,-76,-65,-74,-70,-80,F04
-70,-79,-71,-76,-65,-74,-68,-79,F04
-67,-79,-70,-76,-64,-73,-71,-79,F04
-71,-78,-70,-75,-65,-75,-70,-79,F04
-71,-78,-71,-76,-66,-72,-70,-79,F04
-71,-79,-70,-76,-67,-73,-65,-80,F04
-72,-78,-71,-77,-66,-74,-67,-80,F04
-71,-78,-71,-76,-68,-75,-68,-78,F04
-72,-77,-72,-74,-69,-75,-71,-81,F04
-70,-78,-72,-76,-65,-72,-71,-76,F04
-62,-74,-69,-74,-65,-85,-67,-63,F05
-64,-76,-69,-77,-61,-85,-66,-63,F05
-65,-75,-68,-78,-63,-84,-65,-63,F05
-65,-75,-68,-78,-64,-83,-65,-63,F05
-64,-75,-69,-74,-69,-84,-65,-63,F05
-64,-74,-69,-77,-68,-83,-65,-63,F05
-64,-74,-68,-77,-62,-84,-66,-63,F05
-65,-75,-68,-77,-69,-81,-62,-63,F05
-65,-74,-71,-78,-70,-84,-63,-64,F05
-64,-74,-68,-77,-69,-84,-64,-64,F05
-65,-75,-68,-77,-69,-82,-66,-63,F05
-64,-74,-68,-77,-68,-83,-65,-63,F05
-62,-74,-69,-77,-65,-82,-65,-63,F05
-63,-73,-68,-76,-69,-85,-65,-64,F05
-64,-75,-68,-81,-70,-82,-62,-64,F05
-64,-75,-69,-77,-68,-82,-65,-60,F05
-64,-75,-68,-80,-67,-83,-65,-63,F05
-66,-74,-70,-77,-65,-84,-69,-61,F05
-65,-74,-69,-78,-66,-84,-67,-60,F05
-64,-74,-70,-79,-67,-81,-64,-63,F05
-64,-75,-68,-78,-65,-82,-65,-60,F05
-65,-72,-67,-77,-66,-82,-67,-64,F05
-65,-74,-70,-77,-67,-82,-65,-63,F05
-64,-74,-69,-77,-67,-82,-65,-57,F05
-65,-74,-71,-76,-69,-80,-65,-62,F05
-63,-75,-71,-77,-67,-83,-63,-63,F05
-64,-74,-70,-76,-64,-83,-65,-63,F05
-63,-74,-70,-78,-66,-82,-63,-64,F05
-67,-77,-68,-77,-67,-81,-64,-63,F05
-64,-74,-69,-77,-68,-80,-66,-64,F05
-63,-75,-68,-77,-65,-85,-65,-63,F05
-61,-76,-67,-77,-69,-86,-69,-64,F05
-67,-85,-84,-89,-68,-96,-74,-82,F06
-63,-81,-72,-87,-67,-94,-73,-81,F06
-64,-81,-74,-90,-65,-93,-71,-79,F06
-63,-81,-74,-89,-66,-95,-73,-80,F06
-65,-82,-74,-91,-65,-96,-77,-81,F06
-65,-82,-74,-89,-66,-96,-80,-76,F06
-64,-80,-75,-88,-66,-92,-77,-79,F06
-64,-80,-74,-88,-65,-95,-77,-80,F06
-65,-81,-77,-91,-66,-96,-74,-80,F06
-65,-81,-74,-89,-66,-91,-78,-79,F06
-64,-81,-78,-88,-65,-94,-75,-78,F06
-64,-81,-74,-89,-66,-90,-75,-79,F06
-64,-81,-76,-89,-66,-96,-73,-80,F06
-64,-83,-76,-91,-65,-93,-79,-79,F06
-64,-81,-75,-90,-66,-93,-78,-80,F06
-64,-80,-73,-88,-68,-95,-78,-78,F06
-63,-81,-76,-89,-67,-94,-80,-79,F06
-65,-81,-74,-89,-65,-93,-75,-79,F06
-64,-80,-74,-89,-69,-93,-75,-80,F06
-63,-85,-75,-88,-66,-94,-72,-81,F06
-64,-80,-74,-89,-65,-93,-72,-78,F06
-63,-81,-74,-92,-66,-92,-75,-78,F06
-64,-81,-75,-84,-66,-94,-71,-81,F06
-65,-81,-74,-93,-66,-93,-74,-79,F06
-65,-80,-74,-86,-67,-92,-73,-81,F06
-63,-81,-76,-90,-67,-89,-73,-82,F06
-64,-81,-74,-89,-67,0,-72,-79,F06
-64,-81,-75,-87,-67,0,-73,-80,F06
-63,-79,-75,-88,-66,0,-73,-78,F06
-65,-81,-75,-89,-65,0,-73,-79,F06
-67,-79,-76,-86,-64,0,-75,-80,F06
-64,-80,-73,-90,-63,0,-71,-82,F06
-62,-86,-82,-79,-71,-88,-77,-76,F07
-63,-91,-82,-78,-68,-88,-77,-75,F07
-67,-84,-82,-81,-69,-88,-77,-79,F07
-64,-88,-82,-86,-70,-92,-78,-73,F07
-65,-90,-78,-86,-71,-92,-77,-72,F07
-64,-90,-80,-89,-69,-93,-79,-72,F07
-65,-87,-75,-84,-72,-92,-77,-73,F07
-66,-89,-79,-86,-71,-95,-78,-71,F07
-65,-88,-78,-88,-70,-92,-81,-73,F07
-65,-87,-77,-87,-68,-94,-79,-74,F07
-65,-87,-79,-86,-70,-95,-79,-73,F07
-64,-89,-76,-86,-70,-92,-80,-73,F07
-64,-88,-76,-86,-70,-93,-76,-73,F07
-64,-87,-77,-86,-70,-93,-77,-74,F07
-65,-89,-86,-86,-71,-94,-75,-72,F07
-65,-87,-79,-86,-70,-94,-82,-72,F07
-65,-88,-78,-86,-68,-91,-81,-73,F07
-66,-90,-80,-87,-68,-93,-77,-72,F07
-66,-89,-78,-89,-69,-96,-79,-71,F07
-65,-88,-82,-86,-70,-92,-78,-71,F07
-65,-91,-79,-86,-72,-93,-76,-73,F07
-64,-89,-79,-85,-68,-93,-78,-72,F07
-68,-86,-80,-87,-69,-94,-78,-72,F07
-75,-88,-78,-85,-72,-92,-79,-72,F07
-65,-83,-78,-85,-70,-93,-78,-75,F07
-66,-86,-81,-86,-70,-94,-77,-74,F07
-63,-88,-81,-86,-70,-90,-79,-73,F07
-65,-88,-81,-86,-71,-93,-77,-73,F07
-62,-91,-80,-88,-71,-93,-78,-70,F07
-65,-88,-78,-88,-71,-95,-76,-74,F07
-63,-89,-78,-89,-72,-92,-77,-72,F07
-65,-91,-78,-87,-71,-91,-75,-73,F07
-63,-87,-80,-88,-68,-92,-77,-73,F07
-54,-74,-75,-84,-82,-94,-81,-76,F08
-55,-75,-87,-90,-86,-91,-76,-73,F08
-55,-76,-74,-93,-80,-95,-86,-74,F08
-55,-75,-79,-89,-88,-93,-93,-76,F08
-55,-76,-82,-88,-90,-95,-83,-75,F08
-55,-77,-81,-92,-92,-92,-83,-74,F08
-54,-73,-87,-87,-87,-94,-82,-74,F08
-54,-76,-76,-90,-78,-92,-87,-75,F08
-55,-74,-79,-90,-82,-93,-91,-75,F08
-56,-76,-78,-90,-81,-94,-89,-77,F08
-54,-77,-80,-87,-83,-93,-85,-77,F08
-55,-76,-77,-90,-81,-94,-85,-75,F08
-55,-77,-79,-91,-78,-95,-85,-75,F08
-55,-77,-78,-88,-87,-93,-85,-75,F08
-55,-76,-78,-86,-89,-91,-90,-76,F08
-55,-76,-79,-88,-85,-92,-84,-77,F08
-54,-75,-80,-88,-81,-93,-83,-77,F08
-55,-76,-80,-89,-86,-95,-86,-78,F08
-55,-76,-80,-90,-84,-95,-89,-77,F08
-55,-77,-78,-88,-82,-93,-83,-78,F08
-54,-73,-79,-87,-79,-93,-82,-77,F08
-55,-72,-77,-90,-80,-94,-85,-82,F08
-54,-74,-78,-92,-77,-94,-83,-81,F08
-54,-77,-75,-92,-78,-95,-85,-77,F08
-55,-76,-78,-92,-80,-93,-84,-83,F08
-55,-73,-79,-91,-79,-95,-85,-78,F08
-55,-76,-79,-94,-84,-95,-88,-79,F08
-55,-73,-79,-91,-89,-92,-85,-80,F08
-54,-75,-77,-92,-80,-93,-84,-81,F08
-55,-76,-81,-91,-81,-94,-88,-80,F08
-55,-74,-77,-93,-82,-90,-83,-79,F08
-54,-76,-77,0,-81,0,-85,-81,F08
-87,-80,-90,-81,-71,-82,-87,-84,G00
-84,-84,-94,-81,-69,-81,-86,-85,G00
-89,-82,-91,-81,-68,-83,-86,-86,G00
-83,-79,-93,-80,-69,-81,-85,-86,G00
-84,-83,-90,-81,-69,-80,-85,-86,G00
-84,-78,-87,-83,-69,-79,-86,-91,G00
-85,-83,-93,-81,-70,-87,-85,-84,G00
-82,-81,-89,-82,-71,-85,-85,-85,G00
-78,-83,-91,-81,-69,-86,-85,-85,G00
-83,-82,-91,-81,-71,-82,-83,-87,G00
-85,-82,-89,-86,-71,-81,-86,-86,G00
-83,-81,-88,-82,-67,-83,-83,-89,G00
-80,-81,-92,-83,-71,-88,-87,-91,G00
-83,-82,-86,-80,-71,-89,-78,-88,G00
-81,-79,-83,-78,-71,-83,-81,-92,G00
-84,-85,-90,-83,-69,-87,-82,-88,G00
-87,-83,-88,-81,-68,-90,-84,-88,G00
-82,-81,-90,-82,-70,-88,-86,-85,G00
-86,-84,-85,-82,-72,-78,-86,-86,G00
-89,-82,-92,-80,-71,-87,-86,-85,G00
-86,-82,-89,-78,-73,-86,-84,-78,G00
-83,-85,-82,-83,-66,-88,-87,-91,G00
-84,-86,-89,-81,-69,-87,-86,-87,G00
-87,-82,-92,-80,-70,-82,-84,-86,G00
-84,-86,-88,-79,-73,-89,-82,-84,G00
-85,-82,-92,-81,-71,-84,-85,-87,G00
-84,-80,-94,-81,-70,-83,-84,-84,G00
-85,-81,-88,-81,-70,-86,-86,-86,G00
-87,-82,-92,-78,-71,-84,-82,-87,G00
-85,-81,-90,-84,-67,-85,-82,-85,G00
-90,-83,-94,-82,-71,-82,-88,-88,G00
-86,-80,0,-82,-71,-86,-88,-85,G00
-87,-92,-81,-89,-67,-82,-85,-89,G01
-90,-91,-83,-92,-66,-83,-85,-88,G01
-86,-92,-76,-89,-67,-84,-89,-88,G01
-91,-94,-79,-88,-68,-79,-92,-90,G01
-84,-90,-83,-83,-65,-77,-81,-89,G01
-87,-89,-84,-86,-71,-78,-81,-91,G01
-85,-91,-83,-90,-68,-80,-83,-90,G01
-83,-91,-86,-84,-72,-86,-85,-94,G01
-83,-96,-86,-85,-67,-80,-89,-88,G01
-82,-94,-80,-83,-72,-80,-86,-93,G01
-84,-92,-82,-82,-70,-82,-85,-87,G01
-84,-91,-80,-85,-79,-80,-87,-86,G01
-82,-89,-85,-84,-77,-81,-89,-84,G01
-89,-87,-81,-83,-76,-82,-87,-84,G01
-83,-88,-82,-83,-78,-82,-91,-87,G01
-83,-91,-82,-91,-76,-83,-88,-87,G01
-82,-89,-82,-84,-75,-83,-89,-89,G01
-84,-90,-82,-84,-76,-82,-90,-89,G01
-84,-86,-79,-89,-75,-88,-86,-89,G01
-85,-89,-81,-85,-76,-83,-91,-87,G01
-84,-88,-79,-83,-76,-82,-82,-88,G01
-84,-89,-79,-84,-76,-82,-84,-87,G01
-88,-91,-84,-89,-74,-81,-86,-89,G01
-90,-93,-85,-88,-77,-81,-87,-88,G01
-85,-91,-80,-85,-75,-81,-86,-86,G01
-86,-95,-81,-85,-77,-78,-89,-86,G01
-88,-91,-83,-87,-77,-79,-89,-85,G01
-89,-91,-81,-85,-76,-80,-92,-86,G01
-87,-91,-82,-85,-77,-79,-89,-87,G01
-91,-89,-81,-88,-74,-79,-88,-90,G01
-88,-90,-81,-93,-74,-78,-86,-90,G01
-90,-91,-84,-88,-79,-78,-87,-89,G01
-74,-79,-84,-76,-64,-74,-82,-80,G02
-75,-79,-83,-76,-67,-78,-82,-82,G02
-73,-79,-80,-73,-68,-78,-82,-81,G02
-77,-77,-82,-75,-74,-75,-82,-80,G02
-76,-76,-83,-76,-66,-75,-79,-81,G02
-76,-76,-86,-76,-67,-74,-77,-80,G02
-73,-75,-84,-77,-65,-75,-78,-79,G02
-76,-73,-88,-78,-67,-75,-81,-79,G02
-74,-78,-88,-77,-68,-77,-77,-79,G02
-74,-78,-85,-75,-67,-74,-78,-79,G02
-74,-78,-86,-76,-68,-76,-78,-78,G02
-71,-77,-86,-77,-67,-77,-78,-78,G02
-74,-78,-87,-76,-66,-76,-79,-79,G02
-75,-77,-84,-74,-66,-76,-80,-78,G02
-72,-79,-83,-77,-65,-73,-80,-78,G02
-73,-77,-86,-74,-70,-75,-80,-80,G02
-75,-75,-87,-79,-68,-74,-82,-82,G02
-73,-79,-85,-78,-65,-74,-81,-81,G02
-73,-79,-82,-79,-69,-82,-80,-81,G02
-74,-78,-85,-80,-67,-76,-81,-82,G02
-75,-77,-82,-81,-67,-76,-83,-80,G02
-73,-78,-83,-79,-67,-79,-80,-84,G02
-75,-77,-83,-79,-66,-75,-83,-82,G02
-74,-78,-83,-79,-65,-75,-80,-81,G02
-74,-76,-84,-80,-66,-75,-78,-82,G02
-73,-79,-83,-79,-65,-76,-81,-81,G02
-72,-78,-81,-77,-65,-73,-82,-79,G02
-74,-78,-82,-75,-64,-75,-79,-81,G02
-74,-78,-82,-80,-63,-72,-79,-81,G02
-77,-77,-86,-76,-66,-75,-79,-80,G02
-75,-77,-81,-77,-69,-77,-81,-81,G02
-71,-76,-83,-81,-68,-77,-80,-79,G02
-81,-79,-81,-72,-66,-82,-78,-86,G03
-84,-80,-85,-73,-67,-79,-80,-89,G03
-83,-81,-82,-71,-66,-81,-79,-90,G03
-81,-80,-85,-69,-65,-80,-78,-88,G03
-82,-79,-82,-72,-65,-81,-77,-89,G03
-81,-81,-83,-73,-65,-80,-76,-90,G03
-79,-83,-83,-73,-68,-80,-80,-91,G03
-82,-82,-86,-72,-69,-82,-78,-94,G03
-80,-83,-80,-72,-67,-81,-77,-90,G03
-83,-79,-83,-72,-66,-82,-78,-90,G03
-81,-81,-83,-72,-68,-82,-78,-91,G03
-83,-80,-83,-72,-67,-81,-80,-90,G03
-83,-81,-81,-72,-70,-83,-77,-88,G03
-81,-81,-82,-72,-66,-79,-77,-89,G03
-82,-83,-82,-73,-67,-81,-78,-88,G03
-82,-81,-82,-74,-67,-81,-76,-88,G03
-81,-81,-83,-73,-67,-81,-77,-90,G03
-83,-80,-86,-72,-68,-81,-77,-92,G03
-84,-84,-83,-73,-68,-80,-78,-88,G03
-84,-78,-86,-73,-68,-82,-76,-88,G03
-82,-83,-88,-73,-68,-78,-76,-90,G03
-85,-82,-85,-72,-65,-83,-75,-91,G03
-85,-83,-87,-72,-65,-83,-77,-89,G03
-86,-85,-89,-67,-66,-82,-77,-90,G03
-84,-83,-85,-73,-67,-81,-76,-93,G03
-81,-83,-85,-72,-65,-81,-78,-94,G03
-85,-83,-84,-76,-65,-82,-77,-88,G03
-80,-83,-83,-71,-66,-82,-79,-94,G03
-83,-81,-81,-72,-63,-82,-79,-87,G03
-82,-79,-86,-74,-65,-80,-76,-90,G03
-84,-79,-92,-73,-66,-82,-78,-89,G03
-84,-86,0,-70,-66,-82,-83,-89,G03
-73,-85,-77,-77,-59,-78,-73,-72,G04
-72,-81,-75,-75,-57,-80,-77,-75,G04
-71,-82,-73,-75,-58,-79,-78,-72,G04
-69,-82,-74,-76,-58,-78,-76,-77,G04
-70,-87,-74,-75,-59,-79,-75,-79,G04
-71,-81,-77,-72,-59,-79,-76,-73,G04
-68,-83,-77,-70,-59,-77,-79,-74,G04
-72,-82,-75,-82,-59,-77,-77,-71,G04
-71,-83,-74,-82,-58,-79,-75,-75,G04
-72,-82,-71,-78,-58,-81,-78,-73,G04
-76,-82,-76,-84,-62,-81,-74,-75,G04
-69,-81,-74,-83,-58,-78,-75,-74,G04
-70,-81,-74,-82,-59,-81,-76,-75,G04
-70,-80,-75,-83,-58,-80,-75,-73,G04
-72,-80,-75,-76,-58,-80,-76,-71,G04
-69,-82,-74,-81,-59,-79,-78,-75,G04
-73,-82,-71,-79,-59,-79,-79,-73,G04
-70,-83,-69,-78,-57,-78,-76,-71,G04
-72,-83,-71,-77,-58,-78,-75,-71,G04
-73,-82,-72,-77,-59,-79,-76,-73,G04
-70,-81,-73,-77,-59,-80,-77,-74,G04
-71,-81,-69,-76,-59,-78,-78,-73,G04
-70,-82,-75,-78,-58,-77,-81,-78,G04
-78,-85,-77,-80,-60,-78,-79,-73,G04
-71,-84,-76,-78,-58,-77,-74,-73,G04
-73,-82,-77,-80,-57,-79,-76,-73,G04
-71,-84,-74,-80,-57,-77,-75,-74,G04
-72,-83,-76,-78,-56,-77,-76,-72,G04
-70,-87,-77,-83,-57,-84,-75,-72,G04
-70,-84,-76,-78,-57,-79,-74,-74,G04
-68,-85,-79,-76,-57,-80,-76,-78,G04
-72,0,-79,-77,-58,-78,-72,-75,G04
-70,-83,-80,-68,-58,-86,-76,-70,G05
-68,-90,-81,-62,-59,-84,-73,-66,G05
-69,-85,-83,-67,-59,-83,-74,-71,G05
-70,-85,-81,-69,-58,-81,-73,-70,G05
-66,-86,-82,-67,-59,-83,-72,-68,G05
-68,-86,-82,-68,-59,-84,-71,-69,G05
-68,-87,-84,-68,-58,-85,-72,-69,G05
-69,-84,-83,-67,-59,-81,-74,-71,G05
-70,-86,-87,-67,-59,-82,-73,-69,G05
-71,-86,-78,-68,-59,-86,-73,-72,G05
-69,-87,-78,-69,-58,-86,-72,-69,G05
-70,-88,-77,-69,-58,-85,-72,-69,G05
-70,-88,-77,-67,-58,-84,-72,-71,G05
-71,-88,-77,-68,-58,-85,-72,-71,G05
-71,-86,-78,-67,-58,-86,-72,-69,G05
-69,-87,-76,-66,-57,-82,-73,-70,G05
-71,-86,-76,-70,-57,-83,-72,-68,G05
-71,-87,-77,-69,-55,-84,-74,-69,G05
-71,-87,-77,-68,-58,-84,-74,-69,G05
-70,-86,-77,-69,-58,-83,-73,-70,G05
-70,-87,-78,-68,-57,-89,-73,-71,G05
-70,-88,-79,-67,-57,-84,-73,-68,G05
-70,-86,-76,-68,-58,-84,-69,-69,G05
-72,-85,-78,-67,-58,-84,-73,-70,G05
-71,-84,-76,-69,-57,-84,-71,-70,G05
-70,-86,-76,-68,-56,-84,-72,-69,G05
-72,-87,-76,-62,-55,-84,-72,-67,G05
-72,-88,-78,-68,-59,-87,-72,-69,G05
-70,-87,-75,-67,-58,-89,-72,-69,G05
-68,-85,-80,-69,-59,-88,-72,-67,G05
-69,-86,-80,-71,-57,0,-73,-69,G05
-69,-83,-84,-73,-58,0,-72,-70,G05
-70,-85,-78,-84,-66,-90,-86,-84,G06
-70,-83,-79,-82,-64,-91,-77,-81,G06
-72,-85,-76,-84,-68,-89,-80,-88,G06
-69,-87,-75,-82,-67,-87,-78,-82,G06
-72,-86,-75,-87,-73,-85,-87,-75,G06
-73,-90,-75,-85,-72,-84,-84,-77,G06
-75,-90,-76,-84,-73,-86,-84,-77,G06
-74,-88,-76,-82,-72,-86,-85,-77,G06
-75,-90,-76,-84,-72,-86,-85,-79,G06
-75,-92,-74,-83,-73,-87,-87,-81,G06
-76,-88,-74,-86,-74,-85,-86,-78,G06
-76,-90,-75,-86,-73,-84,-87,-77,G06
-71,-93,-75,-85,-72,-86,-91,-80,G06
-73,-92,-77,-84,-72,-85,-88,-78,G06
-74,-92,-76,-80,-71,-84,-85,-78,G06
-78,-92,-76,-86,-72,-83,-87,-80,G06
-76,-92,-75,-88,-71,-84,-87,-80,G06
-71,-93,-77,-88,-76,-85,-90,-77,G06
-72,-90,-75,-87,-71,-85,-86,-83,G06
-69,-88,-74,-83,-74,-86,-86,-80,G06
-72,-90,-74,-84,-74,-87,-85,-80,G06
-72,-91,-79,-85,-73,-84,-91,-81,G06
-71,-92,-75,-84,-75,-85,-87,-79,G06
-73,-93,-77,-93,-76,-84,-83,-80,G06
-74,-90,-75,-82,-71,-85,-83,-80,G06
-75,-91,-76,-82,-74,-83,-86,-84,G06
-73,-92,-75,-81,-73,-86,-83,-83,G06
-76,-91,-76,-84,-72,-84,-85,-81,G06
-73,-92,-74,-83,-72,-83,-83,-80,G06
-78,-90,-75,-84,-74,-84,-80,-79,G06
-72,-89,-75,-84,-72,-84,-84,-81,G06
-76,0,-77,-83,-74,-84,-88,-81,G06
-74,0,-77,-82,-72,-83,-85,-82,G06
-68,-86,-84,-81,-73,-82,-85,-78,G07
-67,-83,-86,-79,-75,-83,-82,-77,G07
-66,-84,-91,-83,-71,-82,-82,-78,G07
-64,-85,-82,-84,-82,-82,-83,-78,G07
-68,-77,-86,-89,-74,-81,-85,-76,G07
-65,-83,-85,-84,-74,-83,-81,-77,G07
-72,-86,-86,-85,-73,-83,-84,-75,G07
-68,-84,-89,-86,-81,-82,-88,-77,G07
-66,-85,-83,-86,-74,-83,-87,-76,G07
-65,-90,-84,-88,-75,-83,-86,-79,G07
-70,-82,-82,-86,-75,-85,-82,-82,G07
-68,-83,-84,-90,-71,-83,-86,-78,G07
-68,-83,-83,-88,-75,-85,-85,-77,G07
-69,-83,-85,-91,-77,-84,-83,-78,G07
-70,-83,-79,-84,-76,-82,-85,-76,G07
-71,-82,-80,-83,-79,-84,-86,-78,G07
-69,-81,-79,-83,-81,-85,-88,-76,G07
-65,-84,-82,-84,-73,-83,-85,-78,G07
-65,-83,-84,-84,-73,-86,-86,-76,G07
-63,-82,-85,-82,-73,-82,-86,-78,G07
-64,-81,-82,-85,-75,-81,-84,-77,G07
-66,-83,-84,-83,-73,-84,-82,-75,G07
-64,-83,-83,-86,-72,-85,-83,-77,G07
-67,-82,-81,-85,-82,-80,-85,-75,G07
-66,-83,-82,-82,-80,-83,-83,-77,G07
-65,-84,-80,-85,-74,-83,-81,-77,G07
-73,-86,-83,-86,-76,-81,-84,-78,G07
-71,-84,-83,-89,-81,-85,-83,-78,G07
-68,-83,-81,-86,-76,-84,-82,-78,G07
-72,-87,-81,-83,-80,-83,-83,-75,G07
-71,-82,-83,-85,-75,-84,-82,-78,G07
-68,-85,0,-85,-76,-84,-84,-76,G07
-70,-83,-82,-89,-73,-91,-83,-86,G08
-68,-80,-82,-86,-81,-90,-82,-89,G08
-71,-79,-83,-86,-77,-93,-82,-85,G08
-70,-78,-83,-89,-77,-91,-82,-83,G08
-68,-78,-80,-86,-79,-91,-80,-88,G08
-69,-79,-81,-86,-81,-93,-81,-81,G08
-67,-80,-82,-86,-86,-91,-79,-83,G08
-69,-79,-81,-86,-82,-93,-79,-83,G08
-65,-78,-83,-91,-74,-91,-80,-85,G08
-67,-80,-82,-85,-73,-91,-81,-82,G08
-66,-79,-79,-86,-73,-91,-79,-81,G08
-72,-83,-77,-87,-74,-92,-79,-84,G08
-69,-76,-82,-87,-85,-92,-83,-86,G08
-68,-79,-79,-86,-80,-93,-79,-84,G08
-69,-75,-79,-87,-83,-92,-82,-85,G08
-68,-77,-79,-87,-79,-92,-79,-83,G08
-67,-79,-79,-89,-79,-89,-81,-84,G08
-68,-77,-81,-87,-81,-90,-82,-81,G08
-71,-79,-78,-89,-81,-93,-81,-86,G08
-70,-80,-82,-86,-82,-92,-77,-87,G08
-70,-78,-81,-84,-84,-94,-81,-85,G08
-71,-78,-80,-84,-80,-93,-80,-79,G08
-68,-77,-80,-82,-74,-91,-82,-84,G08
-67,-78,-82,-85,-76,-92,-80,-83,G08
-69,-78,-81,-87,-77,-91,-83,-84,G08
-69,-79,-81,-85,-76,-91,-81,-81,G08
-68,-77,-83,-88,-80,-90,-81,-83,G08
-69,-79,-82,-87,-77,-91,-83,-85,G08
-68,-76,-81,-88,-80,-92,-82,-84,G08
-69,-79,-82,-86,-76,-94,-84,-86,G08
-71,-78,-80,-91,-76,-91,-78,-85,G08
-71,-79,-83,-85,-75,-90,-78,-82,G08
-83,-84,-79,-76,-70,-91,-80,-85,H00
-89,-90,-82,-75,-69,-90,-85,-84,H00
-91,-88,-83,-75,-70,-96,-90,-86,H00
-87,-88,-83,-74,-70,-92,-83,-86,H00
-90,-88,-84,-73,-71,-89,-87,-86,H00
-87,-87,-83,-75,-69,-91,-87,-83,H00
-89,-88,-83,-73,-70,-91,-86,-82,H00
-89,-85,-82,-75,-70,-91,-83,-85,H00
-90,-88,-83,-73,-69,-95,-84,-87,H00
-91,-86,-82,-74,-74,-93,-85,-84,H00
-95,-88,-83,-74,-69,-91,-90,-83,H00
-92,-82,-83,-72,-71,-92,-84,-85,H00
-93,-88,-86,-74,-69,-93,-88,-84,H00
-94,-88,-82,-75,-70,-92,-83,-87,H00
-91,-86,-83,-74,-70,-92,-83,-84,H00
-91,-88,-84,-74,-70,-93,-83,-85,H00
-89,-87,-83,-75,-71,-92,-81,-87,H00
-91,-87,-82,-76,-70,-90,-86,-88,H00
-88,-91,-82,-75,-71,-93,-89,-84,H00
-87,-85,-83,-74,-70,-91,-87,-87,H00
-91,-87,-83,-73,-70,-93,-86,-85,H00
-90,-88,-83,-75,-72,-92,-84,-84,H00
-92,-89,-83,-74,-72,-92,-81,-85,H00
-91,-88,-82,-73,-71,-93,-83,-86,H00
-89,-90,-85,-74,-69,-93,-83,-87,H00
-90,-89,-82,-73,-69,-93,-82,-86,H00
-88,-89,-81,-74,-70,-93,-83,-85,H00
-89,-87,-82,-73,-71,-94,-87,-84,H00
-86,-87,-83,-74,-71,-91,-88,-88,H00
-91,-88,-80,-73,-70,-91,-86,-88,H00
-88,-87,-81,-74,-70,-94,-84,-84,H00
-83,-97,-81,-72,-70,-92,-85,-86,H00
0,0,-87,-73,-71,-92,-87,0,H00
-80,-86,-77,-82,-73,-89,-91,-84,H01
-87,-84,-80,-89,-75,-84,-89,-84,H01
-83,-84,-83,-84,-75,-86,-87,-83,H01
-77,-88,-82,-84,-76,-84,-83,-83,H01
-81,-84,-82,-81,-73,-89,-85,-84,H01
-82,-84,-82,-85,-72,-88,-81,-82,H01
-85,-84,-83,-82,-71,-90,-81,-84,H01
-83,-84,-83,-80,-73,-86,-82,-81,H01
-79,-85,-80,-78,-76,-85,-83,-81,H01
-77,-86,-86,-77,-76,-87,-83,-87,H01
-81,-85,-85,-85,-82,-85,-88,-82,H01
-82,-87,-85,-83,-77,-84,-84,-82,H01
-87,-82,-83,-84,-78,-85,-82,-84,H01
-78,-82,-83,-84,-74,-81,-86,-83,H01
-79,-83,-82,-85,-75,-83,-84,-86,H01
-82,-83,-82,-85,-76,-84,-85,-87,H01
-87,-83,-83,-88,-76,-85,-83,-84,H01
-80,-83,-84,-86,-75,-82,-83,-83,H01
-78,-80,-83,-89,-75,-84,-84,-83,H01
-79,-81,-82,-86,-73,-85,-86,-84,H01
-78,-82,-81,-87,-74,-85,-84,-80,H01
-81,-81,-83,-89,-77,-88,-85,-81,H01
-77,-80,-84,-86,-76,-86,-86,-84,H01
-83,-82,-86,-85,-76,-86,-83,-86,H01
-79,-83,-82,-85,-78,-88,-84,-87,H01
-81,-83,-86,-89,-73,-84,-79,-85,H01
-79,-83,-83,-83,-77,-84,-84,-85,H01
-83,-83,-81,-84,-75,-88,-87,-86,H01
-78,-79,-84,-85,-75,-88,-90,-86,H01
-79,-84,-82,-82,-75,-88,-83,-86,H01
-82,-81,-84,-81,-75,-83,-90,-83,H01
-83,-82,-85,-84,-71,-84,-81,-84,H01
-81,-89,-81,-85,-72,-76,-74,-91,H02
-82,-87,-83,-83,-72,-75,-78,-88,H02
-85,-86,-83,-81,-69,-78,-78,-90,H02
-81,-85,-81,-81,-73,-77,-75,-89,H02
-82,-86,-81,-81,-70,-77,-76,-89,H02
-84,-85,-80,-78,-71,-75,-76,-90,H02
-82,-88,-79,-78,-70,-77,-74,-88,H02
-83,-84,-79,-79,-74,-73,-77,-90,H02
-81,-87,-82,-80,-69,-78,-76,-91,H02
-83,-86,-82,-81,-70,-77,-79,-91,H02
-83,-88,-89,-77,-71,-77,-77,-89,H02
-82,-85,-81,-77,-69,-78,-78,-91,H02
-81,-85,-80,-81,-72,-77,-78,-88,H02
-82,-86,-81,-81,-72,-78,-78,-89,H02
-81,-88,-79,-77,-72,-75,-76,-87,H02
-81,-85,-80,-82,-67,-77,-79,-87,H02
-86,-85,-80,-76,-69,-77,-77,-88,H02
-85,-88,-84,-81,-71,-78,-73,-89,H02
-78,-93,-80,-79,-66,-79,-75,-89,H02
-79,-90,-82,-81,-72,-74,-75,-90,H02
-78,-91,-85,-81,-72,-85,-77,-86,H02
-79,-91,-80,-83,-73,-80,-74,-89,H02
-77,-90,-77,-84,-73,-79,-79,-89,H02
-77,-92,-81,-83,-73,-79,-78,-88,H02
-78,-94,-81,-84,-75,-75,-78,-87,H02
-75,-93,-82,-86,-75,-77,-79,-88,H02
-77,-91,-81,-83,-74,-77,-78,-86,H02
-75,-92,-81,-83,-73,-74,-79,-87,H02
-79,-93,-83,-83,-75,-77,-75,-87,H02
-78,-92,-83,-83,-71,-77,-79,-87,H02
-77,-92,-81,-82,-71,-78,-80,-86,H02
-80,-91,-81,0,-71,-77,-79,-87,H02
-84,-92,-81,-65,-67,-83,-78,-83,H03
-86,-91,-82,-60,-69,-82,-77,-83,H03
-83,-92,-85,-58,-63,-82,-77,-86,H03
-83,-87,-89,-59,-64,-84,-77,-83,H03
-85,-88,-89,-59,-65,-86,-85,-80,H03
-84,-87,-89,-59,-65,-87,-79,-82,H03
-84,-92,-93,-58,-65,-88,-82,-82,H03
-84,-89,-94,-59,-63,-85,-81,-83,H03
-86,-88,-92,-59,-65,-86,-81,-82,H03
-83,-88,-90,-60,-66,-85,-79,-83,H03
-86,-87,-91,-60,-65,-85,-79,-90,H03
-85,-87,-91,-59,-63,-84,-80,-82,H03
-87,-87,-91,-59,-65,-84,-81,-85,H03
-86,-88,-89,-58,-66,-84,-81,-84,H03
-85,-89,-90,-60,-64,-86,-84,-82,H03
-84,-90,-94,-60,-63,-82,-85,-82,H03
-86,-88,-92,-60,-63,-85,-90,-84,H03
-91,-87,-89,-58,-64,-85,-81,-86,H03
-87,-87,-90,-60,-65,-87,-82,-82,H03
-90,-85,-86,-57,-64,-87,-82,-82,H03
-87,-86,-88,-60,-66,-88,-82,-84,H03
-85,-84,-87,-59,-63,-88,-81,-83,H03
-87,-86,-89,-59,-64,-84,-84,-83,H03
-86,-88,-89,-60,-65,-87,-86,-81,H03
-86,-88,-85,-59,-66,-84,-84,-82,H03
-80,-85,-92,-58,-65,-85,-83,-82,H03
-84,-87,-87,-60,-64,-83,-82,-84,H03
-87,-88,-84,-62,-65,-88,-89,-83,H03
-87,-88,-82,-60,-73,-87,-88,-84,H03
-80,-90,-85,-60,-74,-85,-87,-87,H03
-85,-88,-87,-59,-73,-86,-87,-85,H03
-81,-89,-82,-59,-71,-88,-87,-87,H03
-84,-90,-86,-60,-72,-87,-85,-88,H03
-80,-80,-76,-70,-72,-90,-83,-82,H04
-71,-79,-73,-76,-65,-86,-81,-73,H04
-70,-76,-74,-71,-63,-85,-74,-75,H04
-68,-78,-73,-69,-63,-81,-85,-76,H04
-71,-78,-74,-72,-65,-84,-78,-75,H04
-66,-80,-75,-79,-66,-87,-82,-74,H04
-73,-77,-79,-82,-75,-83,-84,-78,H04
-68,-78,-75,-78,-75,-85,-80,-73,H04
-69,-79,-74,-75,-69,-85,-79,-76,H04
-72,-78,-73,-78,-65,-85,-85,-75,H04
-70,-78,-74,-75,-67,-84,-80,-74,H04
-69,-77,-74,-73,-66,-85,-81,-76,H04
-69,-77,-73,-73,-66,-84,-80,-75,H04
-69,-77,-72,-69,-62,-87,-80,-75,H04
-71,-78,-72,-71,-62,-84,-85,-74,H04
-70,-77,-72,-73,-65,-84,-82,-74,H04
-68,-77,-72,-77,-70,-86,-81,-75,H04
-68,-80,-72,-78,-67,-84,-79,-75,H04
-70,-78,-72,-79,-67,-86,-80,-74,H04
-70,-79,-73,-75,-69,-85,-78,-77,H04
-64,-76,-74,-75,-68,-87,-78,-73,H04
-66,-76,-75,-75,-70,-86,-80,-72,H04
-70,-77,-71,-76,-70,-88,-81,-74,H04
-68,-76,-74,-74,-66,-85,-80,-75,H04
-69,-77,-74,-74,-69,-86,-80,-76,H04
-69,-76,-73,-76,-69,-86,-80,-75,H04
-69,-77,-74,-75,-67,-87,-78,-75,H04
-69,-77,-74,-76,-70,-85,-80,-74,H04
-69,-78,-72,-76,-69,-87,-79,-76,H04
-64,-79,-73,-80,-69,-83,-83,-76,H04
-71,-78,-73,-76,-70,-85,-81,-74,H04
-68,-79,-74,-79,-72,-85,-79,-72,H04
-73,-87,-83,-79,-66,-87,-79,-86,H05
-74,-94,-80,-73,-62,-90,-84,-84,H05
-76,-90,-75,-76,-64,-91,-83,-81,H05
-75,-87,-74,-78,-64,-86,-78,-88,H05
-77,-88,-76,-78,-67,-88,-79,-81,H05
-69,-85,-75,-74,-64,-93,-78,-85,H05
-73,-89,-81,-75,-63,-91,-77,-82,H05
-69,-86,-77,-77,-64,-89,-78,-82,H05
-74,-88,-78,-75,-65,-87,-77,-82,H05
-76,-93,-78,-76,-65,-88,-84,-78,H05
-72,-91,-77,-74,-65,-90,-74,-82,H05
-74,-88,-76,-75,-64,-87,-75,-82,H05
-83,-89,-77,-76,-64,-87,-84,-84,H05
-76,-87,-73,-76,-66,-87,-78,-85,H05
-80,-92,-78,-79,-64,-87,-83,-82,H05
-76,-86,-76,-83,-69,-90,-79,-85,H05
-72,-87,-76,-79,-62,-96,-81,-86,H05
-72,-87,-79,-76,-75,-90,-81,-80,H05
-79,-84,-79,-82,-71,-91,-81,-80,H05
-74,-86,-78,-79,-67,-94,-78,-82,H05
-79,-87,-79,-76,-70,-93,-77,-80,H05
-79,-87,-80,-79,-68,-96,-77,-81,H05
-78,-85,-80,-79,-67,-96,-75,-79,H05
-75,-88,-77,-79,-72,-95,-79,-82,H05
-77,-85,-81,-76,-70,-93,-79,-83,H05
-76,-88,-77,-77,-71,-97,-78,-87,H05
-76,-88,-78,-80,-70,-94,-77,-84,H05
-73,-85,-78,-80,-71,-93,-78,-83,H05
-75,-87,-78,-81,-70,-91,-79,-85,H05
-70,-88,-77,-79,-68,0,-79,-86,H05
-73,-85,-80,-85,-71,0,-80,-86,H05
-71,-86,-80,-78,-67,0,-75,-82,H05
-75,-88,-71,-81,-69,-90,-78,-90,H06
-81,-86,-73,-79,-71,-88,-80,-85,H06
-77,-88,-85,-89,-80,-92,-82,-88,H06
-71,-90,-79,-90,-78,-90,-82,-87,H06
-72,-87,-76,-82,-72,-92,-82,-79,H06
-76,-86,-81,-80,-71,-92,-84,-80,H06
-75,-88,-78,-80,-71,-93,-81,-82,H06
-75,-89,-77,-83,-74,-92,-83,-81,H06
-74,-89,-75,-80,-74,-91,-84,-82,H06
-77,-87,-75,-80,-72,-92,-82,-84,H06
-78,-90,-76,-80,-75,-91,-82,-86,H06
-78,-89,-77,-82,-73,-92,-84,-83,H06
-75,-85,-77,-81,-75,-92,-84,-85,H06
-74,-83,-75,-82,-77,-92,-82,-83,H06
-74,-85,-76,-81,-79,-91,-87,-82,H06
-75,-92,-76,-83,-71,-88,-83,-83,H06
-78,-93,-81,-84,-72,-91,-87,-84,H06
-77,-93,-78,-83,-73,-93,-87,-83,H06
-76,-90,-77,-81,-76,-93,-87,-88,H06
-77,-92,-80,-84,-79,-93,-91,-94,H06
-80,-93,-78,-84,-68,-93,-92,-79,H06
-78,-95,-80,-82,-71,-96,-85,-80,H06
-76,-95,-82,-85,-70,-93,-85,-81,H06
-79,-95,-86,-81,-70,-92,-90,-79,H06
-83,-91,-80,-83,-73,-92,-85,-80,H06
-81,-86,-79,-82,-72,-95,-92,-78,H06
-78,-86,-82,-84,-68,-89,-92,-81,H06
-77,-87,-80,-85,-71,-90,-88,-81,H06
-76,-83,-79,-89,-70,-93,-85,-79,H06
-75,-87,-81,-82,-71,-92,-85,-81,H06
-77,-89,-79,-79,-72,-93,-84,-78,H06
-76,-89,-81,-84,-73,0,-81,-81,H06
-77,-77,-87,-81,-74,-93,-86,-83,H07
-77,-81,-91,-80,-82,-91,-95,-83,H07
-83,-77,-86,-84,-82,-95,-93,-81,H07
-79,-74,-84,-81,-83,-91,-90,-82,H07
-81,-76,-85,-77,-82,-94,-85,-80,H07
-80,-77,-83,-82,-89,-91,-93,-81,H07
-79,-78,-86,-80,-78,-92,-91,-82,H07
-77,-78,-86,-78,-84,-90,-88,-80,H07
-77,-73,-85,-80,-89,-92,-88,-82,H07
-78,-78,-86,-80,-88,-93,-93,-80,H07
-79,-78,-86,-78,-82,-93,-94,-81,H07
-78,-78,-88,-79,-83,-92,-90,-78,H07
-81,-77,-83,-80,-86,-91,-92,-81,H07
-79,-77,-88,-81,-90,-90,-90,-81,H07
-82,-77,-85,-80,-89,-90,-89,-80,H07
-81,-76,-84,-81,-90,-92,-88,-81,H07
-81,-77,-84,-81,-86,-89,-91,-78,H07
-86,-76,-83,-79,-84,-91,-94,-80,H07
-84,-77,-84,-83,-87,-94,-91,-80,H07
-79,-78,-86,-84,-87,-93,-92,-80,H07
-79,-77,-83,-84,-84,-91,-93,-80,H07
-79,-78,-85,-83,-83,-94,-94,-79,H07
-80,-78,-85,-83,-83,-90,-93,-80,H07
-79,-77,-86,-82,-83,-89,-92,-81,H07
-80,-78,-83,-82,-91,-92,-89,-78,H07
-79,-78,-85,-82,-90,-91,-97,-80,H07
-74,-77,-86,-83,-86,-92,-93,-80,H07
-77,-78,-83,-79,-82,-90,-93,-80,H07
-75,-79,-85,-81,-83,-89,-91,-79,H07
-76,-78,-84,-82,-86,-93,-92,-80,H07
-75,-77,-87,-82,-83,-92,-92,-79,H07
-77,-74,-85,-83,-93,0,0,-79,H07
-77,-78,-86,-84,-90,0,0,-79,H07
-66,-79,-86,-82,-69,-88,-85,-82,H08
-67,-85,-84,-84,-65,-90,-91,-90,H08
-64,-84,-87,-82,-71,-94,-92,-89,H08
-66,-85,-86,-83,-68,-90,-93,-90,H08
-64,-85,-87,-79,-67,-90,-86,-92,H08
-65,-85,-83,-83,-64,-89,-88,-89,H08
-64,-79,-85,-81,-65,-87,-91,-90,H08
-66,-85,-87,-83,-65,-90,-93,-92,H08
-65,-84,-87,-83,-66,-90,-89,-91,H08
-65,-85,-86,-84,-66,-88,-89,-95,H08
-65,-82,-88,-82,-66,-91,-92,-90,H08
-64,-84,-89,-83,-65,-90,-90,-90,H08
-65,-85,-88,-81,-67,-88,-89,-90,H08
-64,-86,-90,-83,-65,-90,-90,-89,H08
-63,-82,-85,-83,-66,-89,-93,-88,H08
-67,-86,-85,-84,-64,-89,-91,-93,H08
-65,-82,-85,-83,-63,-90,-91,-87,H08
-65,-83,-84,-83,-65,-87,-89,-89,H08
-65,-85,-87,-84,-65,-89,-91,-91,H08
-67,-86,-86,-83,-66,-88,-94,-88,H08
-64,-86,-88,-84,-66,-88,-85,-93,H08
-66,-85,-90,-85,-65,-89,-83,-93,H08
-66,-85,-86,-84,-64,-90,-83,-91,H08
-64,-79,-85,-85,-61,-91,-85,-87,H08
-65,-82,-82,-82,-64,-90,-87,-87,H08
-65,-86,-85,-83,-59,-88,-88,-87,H08
-65,-81,-84,-83,-65,-89,-87,-89,H08
-64,-85,-83,-84,-65,-89,-89,-86,H08
-63,-83,-84,-86,-64,-90,-84,-86,H08
-64,-85,-85,-83,-64,-86,0,-87,H08
-65,-86,-86,-85,-66,-89,0,-87,H08
-64,-84,-85,-85,-65,-91,0,-85,H08
-80,-93,-80,-92,-67,-83,-82,-86,I00
-75,-92,-78,-87,-76,-85,-77,-91,I00
-80,-86,-79,-77,-70,-83,-78,-92,I00
-79,-93,-80,-82,-69,-88,-78,-87,I00
-78,-90,-81,-89,-66,-80,-77,-86,I00
-78,-91,-79,-89,-67,-82,-81,-86,I00
-81,-90,-78,-88,-69,-82,-76,-85,I00
-78,-93,-80,-87,-67,-80,-80,-89,I00
-81,-91,-80,-88,-68,-82,-81,-87,I00
-80,-89,-80,-87,-68,-87,-81,-87,I00
-78,-90,-80,-89,-69,-87,-80,-87,I00
-82,-94,-80,-86,-68,-87,-79,-89,I00
-79,-92,-79,-85,-68,-88,-82,-86,I00
-83,-90,-79,-86,-68,-83,-81,-88,I00
-81,-89,-78,-83,-67,-84,-81,-89,I00
-81,-91,-79,-81,-69,-83,-81,-89,I00
-80,-89,-79,-85,-69,-82,-81,-88,I00
-81,-91,-81,-85,-68,-84,-82,-88,I00
-82,-90,-81,-87,-69,-83,-80,-87,I00
-79,-90,-82,-87,-68,-83,-82,-89,I00
-80,-90,-81,-88,-68,-86,-81,-88,I00
-79,-93,-79,-83,-67,-84,-81,-87,I00
-80,-91,-78,-86,-69,-84,-79,-86,I00
-80,-92,-80,-82,-68,-88,-81,-87,I00
-80,-93,-80,-87,-66,-83,-80,-87,I00
-79,-92,-78,-84,-68,-82,-81,-88,I00
-79,-90,-76,-88,-68,-81,-82,-88,I00
-76,-95,-82,-85,-66,-82,-78,-86,I00
-78,-91,-80,-84,-67,-83,-82,-88,I00
-80,-92,-80,-85,-68,-82,-79,-86,I00
-80,-92,-82,-84,-67,-80,-82,-85,I00
-82,-93,-82,-84,-67,-83,-83,-93,I00
-80,-92,-80,-87,-67,-82,-82,-87,I00
-88,-90,-86,-76,-74,-92,-81,-93,I01
-83,-92,-88,-75,-71,-89,-94,-92,I01
-82,-92,-82,-77,-75,-88,-92,-91,I01
-82,-87,-84,-79,-78,-90,-91,-91,I01
-85,-92,-81,-76,-72,-91,-90,-90,I01
-85,-94,-84,-78,-77,-92,-90,-91,I01
-83,-91,-84,-79,-81,-95,-88,-88,I01
-82,-91,-84,-78,-78,-87,-86,-92,I01
-83,-91,-83,-74,-73,-88,-87,-90,I01
-82,-92,-82,-78,-76,-91,-86,-93,I01
-78,-94,-88,-78,-78,-89,-88,-90,I01
-84,-92,-91,-75,-74,-91,-93,-92,I01
-84,-92,-92,-76,-72,-91,-88,-92,I01
-82,-93,-89,-78,-72,-91,-85,-87,I01
-86,-88,-91,-77,-73,-90,-88,-87,I01
-86,-93,-89,-77,-73,-88,-90,-89,I01
-83,-95,-89,-75,-74,-92,-85,-91,I01
-83,-92,-88,-76,-81,-92,-84,-89,I01
-81,-94,-86,-74,-76,-87,-84,-89,I01
-85,-93,-91,-77,-75,-87,-89,-86,I01
-84,-92,-86,-73,-74,-94,-84,-88,I01
-82,-92,-86,-78,-85,-87,-89,-90,I01
-83,-92,-87,-75,-78,-92,-91,-87,I01
-81,-93,-89,-74,-78,-93,-85,-88,I01
-82,-91,-86,-76,-82,-92,-87,-88,I01
-85,-94,-89,-76,-77,-87,-90,-90,I01
-91,-89,-85,-76,-76,-90,-90,-88,I01
-85,-89,-85,-77,-76,-90,-86,-84,I01
-82,-92,-84,-77,-73,-92,-93,-92,I01
-84,-92,-88,-76,-74,-91,-86,-89,I01
-84,-91,-88,-74,-74,-88,-89,-88,I01
-84,-90,-93,-75,-70,-91,-88,-89,I01
-86,-89,-88,-72,-77,-89,,-89,I01
-79,-93,-82,-76,-72,-78,-95,-85,I02
-82,-93,-81,-76,-69,-81,-88,-86,I02
-78,-92,-82,-77,-70,-80,-89,-85,I02
-77,-91,-78,-77,-72,-82,-84,-85,I02
-79,-92,-83,-75,-70,-80,-88,-86,I02
-78,-93,-83,-77,-69,-85,-90,-86,I02
-79,-94,-82,-73,-71,-80,-94,-85,I02
-83,-93,-84,-75,-72,-84,-92,-85,I02
-80,-94,-82,-77,-72,-81,-91,-86,I02
-82,-93,-83,-77,-72,-81,-89,-85,I02
-80,-93,-83,-77,-72,-80,-90,-85,I02
-83,-91,-82,-80,-68,-82,-89,-86,I02
-83,-95,-81,-78,-70,-82,-88,-87,I02
-84,-92,-83,-77,-71,-82,-91,-85,I02
-83,-92,-82,-76,-71,-83,-93,-85,I02
-83,-95,-85,-76,-71,-81,-89,-85,I02
-83,-94,-81,-76,-71,-81,-92,-85,I02
-84,-91,-82,-76,-70,-85,-88,-86,I02
-84,-95,-82,-77,-73,-83,-86,-85,I02
-84,-92,-83,-77,-70,-82,-88,-86,I02
-83,-95,-83,-75,-71,-81,-89,-86,I02
-83,-93,-81,-75,-71,-82,-93,-85,I02
-82,-97,-82,-77,-72,-82,-92,-86,I02
-81,-93,-81,-77,-70,-80,-90,-87,I02
-83,-94,-82,-77,-70,-81,-88,-86,I02
-82,-90,-81,-72,-73,-82,-90,-85,I02
-81,-92,-81,-77,-71,-82,-88,-84,I02
-85,-94,-81,-79,-73,-82,-88,-83,I02
-86,-94,-81,-74,-72,-83,-88,-85,I02
-82,-93,-83,-75,-72,-80,-90,-85,I02
-85,0,-83,-77,-73,-81,-89,-85,I02
-83,0,-83,-75,-72,-81,0,-87,I02
-79,-81,-85,-74,-75,-90,-80,-85,I03
-82,-83,-86,-74,-73,-86,-77,-87,I03
-80,-82,-84,-74,-72,-87,-81,-85,I03
-80,-85,-84,-74,-73,-88,-83,-87,I03
-78,-83,-82,-74,-74,-87,-82,-86,I03
-76,-82,-85,-71,-75,-87,-82,-89,I03
-78,-82,-88,-76,-71,-89,-80,-84,I03
-76,-83,-81,-75,-75,-85,-78,-88,I03
-81,-81,-84,-73,-73,-91,-80,-84,I03
-80,-83,-84,-73,-74,-90,-84,-89,I03
-81,-83,-84,-72,-73,-88,-81,-84,I03
-79,-81,-84,-75,-75,-92,-82,-86,I03
-75,-81,-83,-73,-73,-88,-83,-86,I03
-79,-83,-84,-74,-73,-90,-84,-84,I03
-80,-83,-84,-74,-74,-90,-83,-85,I03
-79,-86,-88,-71,-74,-91,-80,-90,I03
-79,-84,-85,-74,-76,-92,-82,-85,I03
-78,-83,-84,-78,-73,-90,-82,-86,I03
-78,-81,-85,-74,-74,-90,-83,-87,I03
-80,-82,-84,-77,-74,-91,-82,-85,I03
-82,-82,-82,-75,-75,-90,-80,-87,I03
-80,-82,-81,-76,-70,-93,-85,-85,I03
-79,-84,-85,-74,-72,-89,-80,-85,I03
-81,-85,-87,-74,-73,-90,-84,-85,I03
-80,-83,-84,-74,-74,-91,-82,-88,I03
-83,-82,-85,-71,-75,-91,-80,-87,I03
-77,-83,-84,-72,-73,-89,-79,-88,I03
-80,-83,-86,-72,-72,-95,-82,-89,I03
-81,-83,-86,-74,-74,-89,-78,-89,I03
-82,-82,-88,-70,-72,-91,-82,-84,I03
-81,-85,-82,-73,-73,-91,-81,-87,I03
-81,-84,-83,-72,-74,-92,0,0,I03
-76,-85,-76,-82,-66,-80,-76,-82,I04
-76,-84,-78,-88,-67,-82,-77,-88,I04
-78,-83,-81,-79,-68,-86,-74,-87,I04
-80,-83,-74,-81,-67,-83,-72,-87,I04
-76,-83,-77,-81,-66,-84,-74,-84,I04
-79,-83,-76,-82,-67,-84,-74,-85,I04
-82,-83,-79,-77,-65,-84,-75,-84,I04
-85,-82,-80,-84,-63,-84,-74,-90,I04
-76,-82,-76,-79,-66,-84,-73,-86,I04
-80,-84,-76,-82,-65,-90,-73,-85,I04
-76,-83,-77,-80,-65,-84,-73,-85,I04
-78,-82,-75,-80,-65,-83,-75,-88,I04
-78,-82,-75,-81,-67,-85,-76,-86,I04
-76,-83,-77,-85,-66,-87,-75,-85,I04
-80,-82,-76,-81,-67,-82,-73,-87,I04
-78,-83,-76,-81,-66,-83,-76,-84,I04
-79,-82,-76,-80,-67,-83,-76,-86,I04
-78,-84,-75,-79,-66,-81,-74,-85,I04
-80,-83,-77,-81,-65,-83,-75,-83,I04
-80,-84,-74,-80,-65,-83,-76,-86,I04
-79,-83,-75,-79,-66,-81,-75,-84,I04
-79,-83,-77,-75,-66,-81,-72,-82,I04
-77,-85,-75,-81,-66,-83,-74,-83,I04
-81,-84,-77,-81,-67,-84,-72,-82,I04
-79,-83,-77,-81,-66,-78,-72,-84,I04
-77,-83,-75,-81,-66,-82,-71,-85,I04
-79,-84,-76,-80,-67,-83,-72,-83,I04
-77,-80,-77,-81,-67,-82,-73,-84,I04
-79,-83,-74,-81,-70,-84,-72,-84,I04
-78,-84,-77,-81,-67,-83,-72,0,I04
-79,-84,-77,-82,-66,-83,-74,0,I04
-80,-84,-78,-80,-68,-83,-71,0,I04
-79,-92,-87,-71,-77,-87,-76,-83,I05
-80,-92,-82,-73,-74,-87,-79,-81,I05
-76,-90,-86,-74,-74,-88,-80,-80,I05
-75,-93,-86,-74,-77,-90,-78,-81,I05
-74,-93,-85,-81,-73,-91,-79,-82,I05
-76,-94,-83,-71,-75,-86,-77,-80,I05
-78,-91,-80,-76,-75,-90,-80,-88,I05
-76,-93,-80,-76,-73,-89,-76,-82,I05
-78,-91,-85,-76,-74,-89,-78,-82,I05
-75,-93,-84,-75,-72,-90,-85,-82,I05
-74,-91,-81,-75,-73,-88,-78,-80,I05
-75,-93,-79,-76,-75,-89,-77,-81,I05
-74,-93,-82,-74,-74,-88,-78,-81,I05
-72,-92,-80,-81,-72,-88,-76,-79,I05
-72,-95,-81,-74,-76,-84,-77,-78,I05
-73,-95,-82,-75,-75,-87,-80,-75,I05
-73,-91,-81,-76,-77,-88,-80,-81,I05
-73,-95,-85,-75,-77,-89,-81,-83,I05
-73,-93,-78,-74,-74,-91,-79,-81,I05
-76,-92,-81,-72,-74,-88,-81,-82,I05
-74,-95,-79,-76,-78,-89,-82,-83,I05
-72,-90,-81,-75,-78,-85,-77,-82,I05
-73,-92,-81,-74,-73,-89,-80,-88,I05
-73,-94,-82,-81,-75,-88,-77,-81,I05
-73,-92,-81,-73,-76,-88,-80,-81,I05
-79,-93,-83,-76,-76,-88,-76,-81,I05
-79,-92,-85,-74,-73,-85,-76,-83,I05
-75,-93,-83,-77,-73,-87,-80,-81,I05
-76,-95,-81,-76,-74,-86,-76,-82,I05
-71,-91,-83,-76,-73,-87,-80,-83,I05
-73,-91,-84,-77,-73,-85,-78,-85,I05
-74,0,-84,-76,-75,-85,-79,-79,I05
-73,0,-81,-75,-72,-84,-79,-82,I05
-69,-90,-84,-79,-82,-92,-87,-83,I06
-69,-90,-83,-75,-74,-89,-85,-84,I06
-69,-89,-86,-75,-77,-89,-85,-83,I06
-72,-90,-82,-76,-75,-91,-86,-82,I06
-70,-94,-82,-78,-75,-90,-87,-81,I06
-70,-89,-84,-76,-74,-82,-82,-82,I06
-69,-89,-84,-77,-71,-89,-81,-82,I06
-67,-89,-85,-78,-72,-90,-84,-81,I06
-69,-91,-83,-78,-71,-89,-85,-81,I06
-71,-94,-83,-75,-72,-87,-81,-83,I06
-70,-92,-92,-81,-70,-90,-87,-82,I06
-70,-87,-81,-80,-71,-90,-84,-83,I06
-69,-89,-88,-77,-71,-90,-87,-81,I06
-69,-90,-84,-79,-73,-88,-86,-81,I06
-69,-89,-82,-78,-70,-85,-85,-81,I06
-69,-92,-83,-78,-70,-89,-86,-81,I06
-68,-91,-85,-79,-72,-91,-87,-87,I06
-64,-90,-84,-80,-75,-88,-85,-85,I06
-70,-88,-88,-81,-73,-91,-85,-83,I06
-69,-92,-91,-81,-71,-89,-85,-80,I06
-70,-89,-89,-78,-75,-87,-91,-82,I06
-71,-90,-92,-83,-73,-89,-92,-83,I06
-70,-93,-91,-80,-77,-91,-94,-80,I06
-69,-89,-94,-79,-77,-90,-85,-82,I06
-71,-90,-91,-81,-76,-92,-85,-81,I06
-71,-92,-87,-79,-75,-92,-87,-83,I06
-66,-89,-88,-80,-70,-89,-87,-88,I06
-68,-89,-78,-75,-71,-87,-87,-78,I06
-70,-92,-89,-79,-71,-87,-87,-82,I06
-69,-92,-90,-79,-70,-90,-82,-82,I06
-68,0,-93,-80,-72,-90,-83,-82,I06
-68,0,-88,0,-72,0,-82,0,I06
-72,-87,-83,-81,-70,-87,-81,-89,I07
-69,-83,-84,-80,-70,-89,-83,-87,I07
-70,-89,-77,-82,-70,-88,-82,-87,I07
-73,-79,-83,-84,-73,-88,-88,-89,I07
-70,-80,-86,-86,-70,-85,-81,-89,I07
-72,-79,-82,-83,-71,-88,-86,-88,I07
-73,-78,-84,-84,-71,-86,-79,-89,I07
-71,-81,-83,-84,-68,-87,-86,-86,I07
-73,-79,-82,-82,-73,-84,-84,-87,I07
-69,-79,-84,-85,-71,-86,-78,-89,I07
-71,-79,-86,-83,-72,-86,-84,-90,I07
-69,-81,-88,-85,-72,-88,-82,-86,I07
-73,-81,-84,-85,-72,-84,-90,-86,I07
-72,-83,-85,-88,-71,-89,-82,-87,I07
-72,-80,-85,-86,-71,-89,-87,-85,I07
-72,-81,-84,-85,-70,-87,-87,-87,I07
-73,-81,-82,-85,-72,-90,-86,-87,I07
-73,-81,-85,-85,-70,-89,-84,-86,I07
-71,-82,-81,-84,-71,-88,-86,-82,I07
-73,-80,-85,-81,-70,-88,-86,-88,I07
-70,-81,-81,-81,-70,-89,-86,-86,I07
-73,-80,-80,-79,-70,-88,-87,-87,I07
-70,-80,-88,-81,-73,-86,-87,-87,I07
-67,-81,-83,-88,-72,-89,-85,-85,I07
-72,-85,-86,-84,-70,-88,-83,-88,I07
-71,-80,-82,-85,-72,-87,-84,-86,I07
-71,-78,-82,-84,-71,-86,-87,-85,I07
-70,-76,-83,-84,-72,-85,-90,-87,I07
-71,-81,-80,-84,-73,-87,-82,-88,I07
-70,-81,-85,-81,-72,-85,-85,-87,I07
-72,-80,-88,-86,-72,-84,-85,-87,I07
-70,-81,0,0,-69,-88,-84,0,I07
-71,-79,0,0,-74,0,-81,0,I07
-69,-80,-74,-77,-74,-89,-88,-83,I08
-70,-87,-76,-75,-79,-91,-85,-83,I08
-70,-86,-80,-76,-75,-92,-90,-81,I08
-70,-85,-81,-76,-74,-93,-93,-84,I08
-68,-84,-81,-76,-74,-94,-86,-84,I08
-69,-84,-79,-76,-74,-90,-92,-83,I08
-70,-84,-79,-77,-75,-89,-89,-83,I08
-69,-85,-80,-72,-74,-91,-92,-82,I08
-70,-86,-82,-75,-73,-91,-90,-83,I08
-68,-85,-83,-77,-73,-90,-91,-84,I08
-68,-86,-82,-76,-73,-91,-88,-82,I08
-69,-85,-78,-75,-74,-92,-90,-83,I08
-68,-83,-83,-79,-73,-90,-88,-84,I08
-67,-85,-83,-77,-72,-91,-90,-84,I08
-69,-85,-83,-76,-71,-89,-90,-83,I08
-69,-85,-82,-77,-74,-91,-89,-83,I08
-70,-84,-81,-82,-75,-92,-90,-84,I08
-68,-84,-83,-77,-75,-91,-89,-81,I08
-70,-85,-82,-76,-74,-93,-91,-81,I08
-67,-86,-82,-77,-74,-93,-92,-81,I08
-67,-84,-82,-76,-74,-92,-87,-81,I08
-68,-83,-82,-76,-72,-92,-90,-85,I08
-67,-84,-82,-76,-72,-88,-90,-83,I08
-69,-83,-82,-77,-73,-91,-87,-84,I08
-68,-83,-81,-76,-74,-91,-89,-83,I08
-69,-84,-82,-76,-75,-91,-94,-82,I08
-70,-87,-82,-78,-75,-88,-85,-83,I08
-71,-80,-74,-81,-77,-89,-81,-81,I08
-76,-79,-75,-81,-84,-92,-85,-82,I08
-70,-78,-75,-79,-80,-92,-84,-83,I08
-72,-79,-75,-79,-82,-91,-84,-82,I08
-71,-80,-76,-80,-79,-93,-80,-83,I08
-71,-80,-75,-79,-83,0,-84,-85,I08
